Finding,Location
e09e7296-5240-4d7b-92d8-87ce681e16e8,6206
6393f4dd-10e7-40e8-a3b3-7214842492e2,3165
ca4375d3-aae9-4718-bfdf-3d045439487f,3165
e976a86d-19c1-451c-b938-d7010ff98efb,3165
20fe6953-b5ac-4dbd-8ee7-c787a3a47d4f,6213
54ade472-00bb-4cc2-9605-cd5b516450fe,6213
d9163809-ca1b-4fc6-a674-85a53f24800b,6213
149cb839-5f79-4324-9bf9-7ff40f57eeb5,6213
08c33633-55cd-4ea4-acb9-f7d140a88891,6213
f2a11bb6-af58-4799-88da-49545fc5f9da,6213
6a7965fb-fd21-49aa-abe3-ea49821e877b,6312
43953594-a03c-440a-9ac3-218f146b0342,6205
ee93b0e3-34ca-48f3-9551-633486f885c5,6205
33ad0279-d9c9-4324-9125-a8fa9f30e582,6316
d4fe683b-fdba-4220-a21b-0690e518f9d9,6205
584d370a-52fc-4aa7-b28f-e49f2e630c62,6205
482e60f6-526e-4128-92ed-845543923f9c,6205
717620f3-ac1c-4d69-ad6a-3f29076b0242,6205
c9600899-49fe-4130-9649-e82f110c4ea8,6205
68c8805c-18c6-4efe-89da-d0d7132d06db,6205
c04be316-db4f-4016-b71d-3bc7cb329bb4,6205
f987cf75-f452-4ceb-a925-e13f2bea13b1,6205
afd11096-fc42-4bb2-8ca3-0735eebd036c,6205
60965f40-c452-48be-b8a8-3d211c26a0b4,6205
74fa1cee-bf99-4d0b-9ba4-0010c4aacdd8,6205
cef7a30b-be38-458e-9646-17c832523fef,6205
220fc989-e047-4a48-a936-94d812e0577e,6206
4398437c-0195-4d39-9d8a-8a460f33bc0a,6206
52a5bd14-e7c6-4618-8fd2-dd115121b0da,6206
0fd78c4e-ce9e-4fbb-870a-f5bc0aeec4e7,6206
0dd4a353-edf0-484d-838e-57dfc35b4015,6206
3de43270-7a51-47a9-920e-210605d5cc0e,6206
1ef63338-328c-4e7b-a085-d4caafc07303,6206
4d87970a-c340-47af-aded-12d776dbb96e,6206
054b6ff7-92e7-4f83-8116-9f7682ea6a7d,6206
61c255c5-0323-42aa-91c1-4b2d29a503b1,6206
016f2ccf-839d-4583-8416-ea4f7d2211cf,6807
de5ba015-5259-4159-8e2e-0a3863ce8ce3,6807
2eb76d99-fb52-4b9a-911f-522dd7b368f9,6807
5a79bf3d-b0a8-420d-9f07-ca4d8ef57569,6807
e3bf5f13-709f-4191-a75a-f8ff0d3b847e,6213
630ce2a9-0492-494f-b807-84c8f447c371,6213
656337ba-dc73-402d-b2d5-1e4d285cf545,6213
11c445b9-e582-455a-b077-05420efab1e5,6213
d0912ec6-652a-4cdd-8a71-0d73b26c4e67,6807
35110998-1cfb-48b5-ad2f-3f0aa80e7ad7,6807
47c56927-6ca2-401a-8187-fc420f33fcf2,6807
c79ddc6b-6ced-4bdf-9a59-4c202e251163,6807
d27a505c-7422-486f-aaa4-b9e8cbf474ff,6807
7f9e755c-4908-4354-bc71-8ab6c60dfda0,6807
e426076f-34c1-4ec9-af85-cb6bce053c39,6807
63d05525-f60d-41d3-b410-9a01280e6091,6807
db8df993-8836-47e9-878c-236f71a5a9bd,6807
c8044515-9100-42df-bf8d-7cd758b126f8,6312
087756eb-a800-4507-9345-e137a2e80649,6312
da659e13-0fcf-4287-a9ed-d8553fdc5cca,6312
7ec91adf-f31c-4012-ac2e-0f67b1de7e93,6312
ed4cbab8-eee5-4e4f-841c-1500a0a7b3b0,6807
7b8185f6-783f-4fff-bf16-8cbbfaea6cf7,6807
46529b35-dfd0-4d49-b700-e4f74ccf615d,6807
e7fd6a2d-4bc7-4b26-a7c2-c8a92df0ea8e,6206
8dbcccd6-aabe-4221-b3fa-95b386b4c0d2,6206
76aedf11-ca01-4332-822c-e52a803209d5,6206
2bb880b9-d84b-4c2b-aa19-5bfc1bc00c06,6206
77f89feb-5dd5-48b1-ab09-980cd8d9e99a,6317
953e7761-058c-470d-9808-481b02da45eb,6319
1dbe3cde-f255-4ee0-a770-7a1ac6f1930c,6318
97941561-81d7-495a-aa56-817f1df7a450,6316
69dc478c-4627-4ac1-a591-05bc8ad8643d,6205
e7e96551-407b-4a5d-906d-d720baec8959,6205
8d37742d-11c4-4478-a46f-5bd9df756413,6202
9fe43091-1669-4ce4-9bf7-d4bba31542ef,4506
0116ad73-cb85-4373-bb17-b441512f2232,4512
8280fe15-6e91-4e17-a306-878789531bcc,4512
977ec301-42ba-43f8-be78-b8fc295d12b6,3165
2e42ad04-2564-42fa-a0d9-c29b472b244e,3165
a66e3140-525d-48cf-a26b-111bc48dba53,2102
1b4c7f2e-f600-49e3-95c2-6a06c9bf41b4,2102
06411d95-68fd-4b34-be32-9643ec9a296f,2102
eee53336-0097-4f49-8192-c454d804f824,2102
1196038e-dba2-4040-8350-ed64e2a00096,2102
709b9553-8096-4477-9585-5e3153cad6d5,2102
3e02700a-546a-48e3-8d4e-1ee40339455e,2102
3cc59fab-9e3c-4e55-8f55-cc70647c54de,2102
cad5f7d3-6f0c-4df1-a466-ace2299fea10,2102
6a612bc6-bcac-4e1f-a913-1cdcf4420fe0,2102
0854c90f-edf5-4ffa-a200-819550328c14,2102
dc1704f0-c112-4217-b660-2eef3000e515,2102
e6403be6-9618-4b98-a58b-8a7c0877f725,2102
545ed425-d2f9-4a0f-b6c7-53923f2e0892,2102
5a6478a8-1f26-4403-8665-48f62f01d7ac,2102
0dc89202-298d-4eb0-ba01-5369d4eaf567,2102
beba6d21-8701-48f0-8f8f-a329e684d1b3,2102
eb79c09f-2e5f-4839-b823-ae0fa272c0b9,2102
cd6f88a2-196d-4f92-9629-bd889b3bfa3f,2102
eec0f3bd-b388-4c70-b1dc-a82cbd1bf5e7,2102
1b902fff-37c8-4a1b-b45a-79fe920bce02,2102
d629aca6-3d32-4145-adbb-60232c06e2dc,2102
9fe3f360-7d25-401b-8f58-9a1138bca159,2102
d8771575-47e8-48ae-8d37-2aaa36904725,2102
70005d0d-dc3b-4173-8d00-715a8766c362,2102
81ebe328-445b-428d-887c-b1570afc9c4c,2102
8b39f7a5-87a0-4dc1-b7f7-ec43f5277579,2102
3274ec3f-2b63-4c08-afd2-8d73fb8a63f2,2102
f6a852e2-4e3e-45bd-b3b3-320537bad5be,2102
4a28aec6-2ccb-4e11-9d69-83880b0aa3bb,2102
879cffb8-5cbb-48ca-9e2a-eed5cdf527e8,2102
d9a012ef-10b0-47b7-82d1-aa9f54e36c7d,2102
fb2330ff-c09d-4bf6-b006-8366fce8eb88,2102
c729e5b7-3bfe-4990-b3a5-d5415d108d8e,2102
d1b6499e-f71d-47d8-89d3-1e8d6985ec56,2102
33416703-a662-4968-bd45-bb2a7f364d7e,2102
9a37263c-c5ca-4fb8-8a51-f21c0b96f306,2102
02d72ed1-c33e-46a5-afad-0bc77ad01cd9,2102
43ab09bb-2cf0-4066-bd27-38f9acfbbfd5,2102
995e1749-22f0-4cc9-a38f-c63a3f2e01ff,2102
f6a472b0-56ae-4c3d-90fc-c10166f7b8fb,0
15f0db5f-5bcb-4589-98fb-0b169d0e3e54,0
ca0b31de-c9f2-4aad-94c7-9a114bcefe43,0
bfe575d6-803c-402b-982d-5f4d241acf4e,0
9a797f79-b679-4f63-8ca4-a30322583037,0
4de1dcbe-d278-4b53-9868-0709c1d08fa0,0
69f53d33-a49c-440e-844e-2c646e677dd4,0
469b9efb-af08-4aa2-9e29-78b06b3d241d,0
73a5e1a0-35a6-438a-b18a-0459f85f8cf9,0
99bfd2e5-26e6-43bf-8ef9-a4521d46d2f8,0
9a1aebcd-0348-49de-88e7-62cdeb259853,0
8709eb66-223d-4a82-8f0f-d367c7cd7d01,0
470595ae-640e-4469-a04a-8ff7d2591336,0
652f75ab-c94b-4ac4-a392-56f95cbd7f31,0
f189a4cb-b2fb-4cdc-b48b-87990b1cb0d4,0
f5b9c07b-373e-4cea-b564-017a304ce6f6,0
824fc93b-0cf4-4a56-9bd4-5a770005f309,0
2c1e2957-f40b-4541-8774-88fc2152c2b8,0
da65df4b-1d8c-42bc-bcc0-f44216595524,0
27f281dd-76e5-4920-9476-3e6067044562,0
6dd39780-a073-4448-9f02-08345b33cff9,0
4dcbc388-8488-43ee-8bb9-0d7379d96dc0,0
ac8c182e-33e6-4211-97ee-989f8622daee,0
0c8518bb-a676-435b-9b00-c4df32acec3e,0
998fe500-9a22-4079-aa97-792a0b06025b,0
df93cdd7-3599-4405-bdac-a6ff05f05c40,0
edb315c9-6540-4fc2-b967-8ecd08e67c36,0
095e95d6-64e0-418a-99da-0384fb732357,0
f6416d71-0777-4438-b5fc-9aa09c255421,0
f96adcdd-ed92-4ee9-a2b3-f2ae64379574,0
7c7d65c4-2cd3-43e6-a42a-cc9d56730e04,0
fa786b6a-a4a2-4a5f-adf2-4666d6bdc853,0
bc858863-bd88-4aff-addb-85348098dd5b,0
a3072ec9-5bf7-451d-8db8-94459c016285,0
411f2234-45bd-481f-b5f5-efed24c6a366,0
d79e89ae-7f80-453a-8a73-edf658d8aa18,0
47e6ffa3-4985-46d8-9657-4202860c29b2,0
889fe8e0-a869-4190-b224-83fe70f63cf1,0
a1b5d519-4f9f-438d-bfe9-62f5be5da720,0
1df5abc1-e1b9-4951-a58a-2e0261c627da,0
af07d9d3-adba-4ef6-b62d-0e95cdb703f4,0
afd5f189-522e-4678-a83f-6f2a36fbfcd5,0
1c309daa-a09f-4008-887a-29be73641b83,0
0557f9d1-d63c-426f-9c69-717cae9bb2b0,0
0e1307b9-472d-43f0-9d52-d9cc3c629e5b,0
e84d1a91-956d-4dab-b1f6-7646dc00c7b5,0
e43942ec-5715-43c8-94c1-fad62cf6087c,0
2ec47d5b-1b00-4f62-b3bb-e6e5b6445d74,6537
d8744f10-2e3f-4606-9be5-0a718e5021d7,6537
7c29095e-e82d-4d59-8ab9-82842dffc5a6,6608
10d30b43-731a-4b78-ae42-700c149b3025,6608
01a16c8e-839c-418b-9fd9-12dcf05c7e80,6608
07b47f02-ecce-4283-a008-4f2a255b4ae0,6608
d642553f-902a-41ba-8b36-d20191bce50e,6608
1e5dfb17-6e6c-4ff6-85a8-1a0319dbc018,6608
67bf65b8-84d5-4d7d-9ad8-79817fb9902c,4121
67bf65b8-84d5-4d7d-9ad8-79817fb9902c,4131
3aee5627-7b55-4d2a-9725-864e3b3e5cdc,4131
3aee5627-7b55-4d2a-9725-864e3b3e5cdc,4154
64cd9f33-d845-4180-8168-50cf8a717583,6315
00c32834-9fb0-414d-94b6-dd6b53a26db2,4506
874ebf60-c164-423a-81d7-c006dde35018,4506
3fc601d1-06fa-40cb-a159-7273ca529a39,6503
3fc601d1-06fa-40cb-a159-7273ca529a39,6503
3fc601d1-06fa-40cb-a159-7273ca529a39,6503
3fc601d1-06fa-40cb-a159-7273ca529a39,6503
2c90e096-a8e0-4632-a0ee-88dd2e9ce747,6211
8671f4c6-b12e-424f-8a37-1487ad7652a3,6640
541ae6c2-b710-445e-8d3c-ab340ce69064,6215
8107474d-572a-47d0-91f1-a4a065e2b0b4,6215
fe699e5b-c0e2-4825-b12e-a571042f627a,6215
f54bcfe3-d8b4-47c9-89ec-cea08c6ab2b6,6215
0fd7e650-8217-44da-83ba-9f159c8ac70f,6215
322562e0-22bf-451e-baef-10b6f5c49b4c,6215
4926a305-48ed-4393-8922-0cacccee48f5,6215
762795cf-b0ea-41e2-bf69-333f8a626a25,6202
d0d4240b-cf50-4617-a2f4-7fa3c7df8e2e,6202
e3f38787-283e-4c28-80b0-6a647b0d3ea2,6323
6bb52121-0305-4ba3-a1b9-b5af20416b17,6801
21ad3d95-a7ac-4d83-acdd-c4952e789b53,6801
a024d289-5840-4b5b-9b9f-606924b5d37c,6207
99077998-7b7c-4bba-a03b-86c8f8049952,6207
f12ff57e-c093-4a49-ab30-d7edcbcbfedb,6207
ad28ee2b-46ac-47c1-bdae-21db5cf9a7d7,6215
080c96ef-1632-47b0-a5bd-850fdceaba2a,6215
d4fbd248-c82d-4a2d-8292-ea747a1e80cf,6202
8da77229-75d0-46fa-8b70-ae50c9d8a65f,6215
c71dd43d-c2aa-4d58-81a6-4382176eb8dd,2113
cba901e3-9b0e-48c7-937b-1a4dabf65a9d,2113
e078de73-7a50-4d34-afd7-d077dca51914,6318
1cb7a292-4621-4600-b541-2cb1bcbcae7f,6607
1731a7ef-590b-4550-abb1-feeaff1851f3,3124
bd33dfa3-4a3d-47a5-b857-f616a5dbd89b,6213
a1b6b5d2-2e8c-4eea-8fc4-eacf4a933639,6213
a91ad0a7-f248-479d-af47-d5c328e15e7d,6213
e76b54c5-3a9a-4a1f-a8ef-28bd80197f68,6213
a83a56ef-2807-4c2c-83a9-19775b4641b2,6213
68d6ebe4-cb4f-4d67-8dcf-fa4a2d9369f8,6213
05f4f606-caf0-4eaa-a3ec-9f52e331637b,6318
8786a58a-166f-4e73-991e-52f193867aac,6205
564b6bb6-6083-4521-83b8-3e030cce636a,6205
3230713d-7f11-43e8-9186-d6d9e021fd8c,6205
11ee217d-7ab7-4655-a69f-aedc309f276d,6509
18ab8450-0cfe-4f59-9e3f-4cb34eb3ed2e,6201
462d6d07-fb46-452d-bc1d-2e0e0492f9ed,6201
c103c4b5-99c7-4797-a70d-b9948e6725cc,6201
05da108e-6b1a-4bad-904d-90a3cfdb8f66,6201
9fb792ab-16ad-44e4-ab61-17dccfc3e3ea,6201
6ff257ac-ef32-4567-9450-8c5bd7a572ce,6201
4fcf42e9-144e-44d7-a67c-85e7a9b34bc5,6808
a27a0406-c7fc-4adf-a5be-1151a9d62607,6808
dc21c8a6-cbdd-4401-910e-3b470c18577a,6808
e52ddb6b-50fd-45d6-a6e0-66062444a000,4255
0b39f51b-ec94-4c4f-858e-afcd0d98f9a0,4200
e880ba89-93f0-410f-b7c0-c3d8a1d8f484,4200
d681d98f-bc54-4680-9366-685730328976,6805
e58c77ba-8d0d-4ace-ad37-4632f863e390,6811
d0b8c128-24a0-40c4-a35d-9e9bd80ecbee,6811
ec4e719a-f549-406e-804d-86ba3a4ce82c,6321
f4629d28-605a-40a7-aef0-09668a8a148f,6202
63e80a83-8f1e-414f-b057-ca425d14a9f4,6502
d3af6160-5077-4343-a055-890a234f0121,6323
cc3da639-c7b9-439f-9e61-2f6d6f0ef579,4186
dadbc15f-ea28-430b-a8f5-499bd7e48425,6201
1de0b4c9-59da-4515-894f-87c010e8ed57,6209
248826bd-6fa5-42ae-aa12-19476c4abe43,6209
8e90e0c8-ede1-49c0-900d-b11ba8146bd9,6201
086693f8-322a-43c7-88c5-8f1d42122779,6209
2445e1a6-a808-46e8-bb1a-8b62f6750b70,6209
00f9230b-2d69-4787-be86-f05ae6f221cb,6209
77fd37ec-2180-4c23-bf6e-f8b41f4a9693,6209
94d255f8-32e0-4e4a-b32c-b170f6f99e16,6803
a894eb3c-358c-4343-9fe5-302fe5b7d5d9,6803
f20b5aa0-f361-49f2-8de3-bbbe549df82b,6803
68d82492-1d1d-4395-be9e-f46f671bd3a8,4257
4e8198bb-9483-4576-9b1d-796e019f1a1b,4252
4e8198bb-9483-4576-9b1d-796e019f1a1b,4253
4e8198bb-9483-4576-9b1d-796e019f1a1b,4257
145cab06-32b8-41cd-a422-578278a00ea7,4252
145cab06-32b8-41cd-a422-578278a00ea7,4253
145cab06-32b8-41cd-a422-578278a00ea7,4255
145cab06-32b8-41cd-a422-578278a00ea7,4257
c310d750-f661-4d73-9047-2d9b79a6ffea,4252
c310d750-f661-4d73-9047-2d9b79a6ffea,4253
c310d750-f661-4d73-9047-2d9b79a6ffea,4255
01905fa0-ab01-4b63-80ed-91c2f2702893,6214
ee64b1cc-691e-4905-8227-e2b4b750d942,6214
4d975979-0797-4070-9538-e591cc830174,6214
c6d386fd-d0f7-4472-9f5b-e9f2a3bf25d1,6214
02874e96-6beb-4e05-9e38-e1d8ec99b275,6808
6c45a761-cd49-4214-b8fd-c89b38153513,6808
bded4b5c-456a-4a25-bd22-9f9be43292af,6808
12a1a641-189c-4478-838c-510fc9034ce1,6806
5a5777a9-f821-40be-96f0-5dff0bc34fb0,6806
806891bb-5b94-4484-b86a-9f05fb0e102a,3205
02402a35-0620-4ae6-a7d4-ec31c072d642,6807
eda623c3-5179-496a-a7d1-9279a607c5f4,6807
065c5770-7ad8-4178-9e4f-5eb3c5c9b90b,6807
ff92aa3f-8298-47c6-b244-b90948f5bfcc,6807
05638d13-366c-4ac7-9f6e-ef3396471579,6807
6281b7b5-8426-413c-a3d5-f99b878691b9,6807
8e5849dc-6e4a-4a38-b8bc-56a8e13ff72e,6807
9ec5d5f4-3f05-4575-ad36-42321dd15806,6640
4f7ed307-7081-4012-a945-8c081b91411d,6308
4abc29ff-7b47-49b6-8dd3-b52fc0c4480a,6807
092ab58d-a771-47c9-9d70-b63d8f9e6834,6807
88f3d7cb-731f-48a2-b528-218410593c0b,6807
d39b1843-3346-4629-a97b-ed849346565a,6806
2f62ff39-52e4-4c1b-9282-b9435d76d982,6214
f5381f25-7f6b-4d05-911d-7a31716dc14d,3301
806d90e2-3d5d-48bc-8df1-7e1a91ac8635,3301
06a48936-f803-4ce7-a410-ab54aaaa299b,3301
1cabf08d-eecd-47b5-89ea-176a8123cc11,3301
6ad508d7-d912-4307-8aff-21274f3ed597,3301
5bd15f28-9c7b-41a2-9180-025eeff0c8c8,3301
14bf4d76-16bd-421e-b9d8-fdcc06084580,3301
245136f0-0140-4944-ae41-6866b9dbadc4,3301
b2cc7042-6fa4-469c-be26-c9806a6bd8e4,6201
2237679c-d345-4980-ab6d-95a2c9fe0029,6501
df30664b-c856-4982-a536-de285d496148,6214
60560efa-27cc-490f-94e1-b6436db5c232,6214
93235045-e6df-4a0f-bd60-725850cff22c,6214
de41eaa1-bf8f-4886-b3f5-f22e10945e83,6214
11b6bf99-bb9b-495c-aed6-6e968029f088,6215
746b9895-4869-42db-af07-9100d3ed3ae3,6215
ec7eebe9-b25c-48c5-b4a3-709d55dd0396,6215
d1879239-fe3f-4d9b-ac52-695a94f5b3f9,6215
5a571143-914d-4130-93f8-560d82845d28,6215
6b586993-ac56-4963-85f1-48fc1e9cb181,6215
00eb3030-c95e-49c6-8186-fd5b64e3d283,6215
b3e3c734-4ced-40ad-98bd-fa4ff1318697,6215
5e3fba63-c06e-40a8-ab7e-b2e07dc53dd5,6215
2f599f3a-122a-476c-b417-94e03d6575ca,6215
0d8a449a-d630-49df-8b58-3065095f5349,6215
ce0e3cc3-3ecd-4c26-873c-47dbe2ce504c,6215
2c1f2c5d-38bc-4f92-b05d-28294cfcd853,6215
815ad109-e907-4b34-8c52-d43df6ba8f41,6215
23c3bfa9-a82d-4623-9d63-f521870b5da3,6807
ec2f73c7-682e-4d39-9805-eed08595414a,6807
7f0a468f-19ba-458e-8435-db312ead7920,6807
f66f526e-ab1d-45b5-9fd1-11c5e673c25b,6807
19791954-29e0-4140-96df-19e8d79aa961,6315
894d2cd1-0932-404d-824b-2e3b188f387d,6315
c5055bcc-8129-4d71-89e2-dd7a02a42b86,6315
c6d5dffe-8cef-4cff-9595-0d516d24a3ab,6315
4a4aba62-7a21-4a51-8d69-c61fdc9e4481,6315
879297ec-0019-4756-b119-e266226f5c0b,6315
81d7190f-7442-47d7-b5d7-ff7a8757d99a,6315
85165878-cdd6-4c7d-b591-20d3093677af,6315
78e5a481-1266-41d2-8590-4913918dba29,6315
0e20cdd6-807e-40f8-89f6-5ea0397893e1,6315
a6ffc93d-e767-4a8f-a76f-db949cc70a96,6315
f2601fab-0c4a-4e09-8ec3-abdb9439e7fb,6215
47e80f65-ed0a-40f4-9c26-0a00b5bb7508,6215
8bf6e010-7aa9-4765-a420-bc8c300e7a2f,6215
ce60cc87-6265-4df3-a751-f9330988318f,6215
6832889e-ab55-4127-80dc-2d36280029ea,6215
30853f00-80d0-4048-8b74-174a99e03acf,6215
3eb3fcd5-c1d3-43a0-aa37-df82adc12147,6215
86f2361b-f830-4072-b0fb-c624a2693041,6215
04af4c70-6403-4f91-afda-c0d80ef280fe,6215
7d38607a-5786-40a8-a49e-0f408f2846df,6215
0cb8fa76-5645-4131-bf7c-9151feffd527,6803
c2b8ff4e-b06f-4cba-a242-7508362a6550,6803
79a3715b-9ee8-4d5a-a725-ecfcc450e8a8,6803
a5c95243-35fc-42e6-833c-c416d9fe72b5,6803
8e8a1144-917b-4e7c-a9ea-f63fcf296746,6803
61030605-0c7b-4d4b-ae7f-84551f319c89,6803
7111cca3-a88b-4fc5-b6b6-f07bee2fa51f,6803
4ee9f946-2569-448b-a3ff-73520ccd3777,6803
9b7f23ee-e957-49a8-a877-aa48747227ac,6803
9f179079-c402-45b8-a934-c42b8efac2f4,6209
3c77116f-a037-4892-abd6-0cb1389120c7,6209
caf77d7d-f69c-4540-89c3-4413c999e857,6315
bedbc819-3136-4e99-ac2d-ecc10529a09c,6315
c1596e67-1f9b-4009-afa6-602242e34817,6315
f0cccd30-1ffa-4925-b564-992adf6efd78,6315
51c8613c-72b0-4df8-a390-0fa40221e8cc,6315
e4c32770-5936-4620-92bd-c657f94965b6,3301
f357f55f-dcba-4f21-a178-a2ae3453465d,3301
f6d6439e-0e38-4e06-9e64-144152eebf3f,3301
4b62f9e9-ceee-4ee2-b5b9-ff113ddd46c9,3301
7931e154-293d-4337-89f9-470e1f27dcfe,3301
7f2d8848-021b-41dd-9db1-ec5cd21c0700,3301
23bb5c4e-8b9f-453d-bd26-a732aa9b79f1,3301
ed91682e-1423-4fc0-901d-cdbaa5e7a2a5,6205
42696496-5c36-405e-8a10-624b80a011d5,6811
8c36e2a7-4fe4-413f-af04-e909682d4096,6206
f618eda1-d495-4377-bec0-aa2b70b0fade,6206
d48fa8f6-e110-4fb3-a41a-a3796d4dfd07,6206
1021764e-8557-4e8f-a22f-8e9ed3b891d9,6206
ac9deb99-f92a-4faa-809a-8acc7fd4da41,4513
49956159-0961-4922-91fc-7f92510d9887,6205
8c2b8fc6-4ec8-42a0-bcd0-a69e503da298,6205
e168bf10-eacb-4e2a-bca3-9f30b4e435f2,6205
5efd3157-d551-4206-ad48-a2d237ff3e06,6205
8e76efc4-1afc-491f-9c17-609422a7f93e,6205
6b97a855-5770-434f-a4a8-195add47d18b,6205
114c227e-4216-4a31-b393-7c7a4710504e,6205
19499e96-ad71-4973-a1ef-bc30dc6ed324,6205
bd191a2f-31bd-4e03-85d3-189447bc0d80,6205
5bc178fa-fc21-493e-80e4-ea2788033c4b,6205
97384391-3004-4e72-a2dc-f30e1c733f63,6205
16f10b41-ffad-4fef-b2cc-ac2104cda313,6205
c970e406-f25f-49b2-a070-ff3b3a02f867,6205
83ae37ea-5e35-4292-b61a-af06dd73d9c9,6205
089548ab-de32-44ca-add7-f3b946f14b49,6205
048fe9bb-b991-41b0-a704-fec8b3810ea9,6205
cbd3992c-725d-4de7-ac69-0f8b0a4360d2,6206
a6c6af17-7092-4893-8755-2ad21eabd43b,6206
b47c2339-4533-4ed4-9b13-2510fa8cf3f1,6206
828beffd-927b-4b5b-b070-d746ba4a477c,6206
e9f2d3bd-3d02-4e31-8a97-d1c591d61472,6206
6b89d4d4-3ebe-4b5e-9d45-ac80285ccd28,6215
880d0a7f-3f81-4883-8ca8-dfd57ae8bff4,6215
0f72614f-45cf-4bf2-a06b-e2bd0fe63df7,6215
3af15962-0efd-4481-a73e-6cf4f70388e9,6215
1ec9dd94-87f5-4e3f-9480-5345368d299e,6215
59afef0c-b938-4f13-b91f-5882c28f0cbb,6215
5b66e42b-829a-4836-bd3d-a82e3c5b9a94,6209
78c2e8b0-a7dd-46a0-a3de-5862100a407d,6209
c713a852-dfee-4a08-86e0-ab991d3887fb,6209
72335943-20f4-42a2-86ea-d7d8d2cf813e,6209
2cb79169-2f32-4b18-853c-369be91639fb,6209
b30c3304-f81c-4ddb-8576-c1781ed39e3e,6811
0ed1b141-766b-4af4-a570-9f9d1c9a5b25,6811
d84b2d55-2ebf-4cb3-911d-730828c2fbb9,6811
e736cd74-04db-4c43-ae23-73e00cc0b9cc,6811
7880bfb2-0550-41a0-b19e-81cff6c7c3c7,6811
f59a436f-a39a-4e89-b7be-3c3647880401,6805
d95e58db-15f6-4eca-bc0f-4c97600d2746,6805
8bd5db42-f522-4635-8fe4-a9b55880a207,6209
dc0a460e-fe63-4d59-aa67-6c459edb18f4,3305
8ba9590f-41d2-4968-a844-0c6c8c70f218,3305
9a028d70-2bca-43d0-9787-3d4132ac5fe0,6801
82589d84-0745-4487-b9f4-54108fa7ef6a,6610
b3146c7b-e37b-43a9-9a64-d481c0999bd3,6610
3fd8d2d7-7da6-47c3-ae0b-5f0fd3d64296,6610
06a3c121-0247-4740-8c25-304adfcc2292,6805
3f29e5b9-3660-4aec-8192-a2b3123f5138,6805
2eef8278-4e3d-429c-ada4-e7ed05dfed44,6805
1ef3bf47-fb0c-4b61-97cd-f31d84be20ea,6202
bb861aae-3a66-47fd-969e-73d216245a24,6202
a919326f-02c8-4672-a999-53e4cc66590a,6202
fd19a022-3db9-44ff-bed4-fcc54581b74c,6202
b5b0ebd4-58f2-490a-bcb9-d47382e01b6d,6202
fb14d102-9ee4-4c71-89d7-0a8af787f824,6202
0e00ea3e-4f9c-40ac-8263-ffd786d45c20,6202
c5f1dce0-a944-47f7-9482-ffb3dce0dc4c,6202
7b3d622b-5892-4ac6-96bc-5d3388af1b00,6202
023ab35d-1a39-49e5-b42f-c9d264d6bc12,6202
79cb65a8-874c-44d7-90c9-c6cdde421107,6202
a2aac52f-8fd3-40e9-9f94-135d8aa7cca0,6202
965a4d4d-3ae4-4c9b-a050-5dbb69c15326,6811
ca76d158-a3e7-4ad4-a204-6298cb8c1c90,6811
90a6810f-e480-4dea-92d8-943227933ab0,6811
48b2627c-ccd2-46e7-9f48-548ebf8ed950,6811
99d68801-e8c5-48f6-bd42-485517ee268f,6811
d7e16b6a-e1dd-4eb7-993a-27d13ad949f8,6811
18ae3c53-d656-4ae3-b119-2e428812ce9b,6811
d3595a5d-a609-4674-b04d-a5872e232765,6806
4ecd17dd-7de2-407c-8dc8-e7c580172326,6806
6a0d20f2-09e1-43f7-9cf8-4411f0570609,6806
d4b40cf6-59ad-4f92-b5e5-6877434dff76,6806
1e749c3f-8321-46ed-b23c-77374b9e1e1c,6806
95464663-b61f-499d-99fc-2915f397b94f,3301
16b9ae2c-e93d-4fb4-9d2b-dc2f60e97088,3301
1597ff58-7182-4844-ae19-b7fee6320382,3301
2ca41f5d-0512-483a-81e0-d6463624f208,3302
f9e7ddc5-0b75-4aac-a167-934c7574f2a6,3302
cbf7da4c-cbdd-4a60-9297-b80abf4df833,4517
c30ef0c5-8561-491c-849f-2382ecc9313e,6806
63e432f2-5d6d-41e1-b5c8-8766c8bda3cf,6806
99d4de4b-364d-4572-98c3-88c62070e562,6806
d5465f8f-2443-4690-91c1-2f6fae9a541a,6806
3b0a73f5-0e57-41e6-80be-610dc4c99175,6806
6a94994d-c2e7-4089-a850-0d020735c127,6806
6dd60513-6a75-444e-9098-36bcb400e840,6806
754b0a0a-5a79-4ab5-b8ee-cafc97946639,6806
52e28e56-76bb-45f6-aa72-74aac6a327a9,6806
97c90cbb-f0bb-4ba1-8d36-9a7fb13ed7ed,6809
7a08376c-2364-463f-a06d-bf22885b6a18,6809
732af18e-8780-4292-81d7-c864f9082138,6809
19434fe4-5811-4836-aac6-3e82095d287d,6518
e7aed170-59a6-4e35-bd3f-cabcecf724e5,6518
b45c7ce0-6467-476f-a997-e58f11262be0,6607
2ab0152d-2247-45d6-b0d7-fdf625ba456e,6640
ecdc0ec3-2a9c-4d3c-90e3-1c105b8cd80c,6201
dc1a16d6-5a50-44e5-858c-953af3689d5f,6201
536f7d4f-8b58-4fa4-8161-923228b08ba1,6201
d7e37666-7734-4aac-bc7c-ec2d41b9bdef,6201
bf91ccb6-4624-4a15-91e1-ec0fb7353973,6201
9a4d9773-d5ed-4d1b-ba8f-755c7acbf483,6201
12862dc0-4ff6-4390-851d-a7168ed73e3f,6201
ab62128f-bc52-4f2e-a68a-8deedca2f8bc,6201
49f3320d-549a-4325-8cfd-8c6cf41fc2dd,6201
d97eae1e-79cc-4aeb-b6bd-6e3c5b5a7b39,6201
10df85bf-84ce-4eef-913d-7a6688885800,6201
87713f48-f188-4acd-80da-0e1d301890ed,6809
69f2c2ec-a178-4f9c-8be6-0217341c1b77,6809
9633c696-c3be-480c-977f-86fc66844edf,6809
c54fb48c-c9fd-4010-a356-b690e64cc57e,6207
aeb2709a-0035-49f6-bdc7-ec6dc07d1247,6811
550e627b-f431-468f-95ae-5d2cddafba0b,6811
479a7027-8d2a-4247-aa75-ab570bfc06b3,6402
41d335cf-6117-4125-a266-4f7eb855c68c,6402
dd25c1f5-662f-453a-9c1b-f5b4532a9fd0,6402
03b0db70-0bbb-419a-9769-407d305bcfa2,6402
92602462-dd70-495a-9c37-8bc7a766db9d,6402
65a9b9a3-61d8-4d1b-bf7a-8649dbc8fe86,6402
706f164b-e5e8-4d8b-a353-135538d2cad8,6402
da4bd59c-0545-4dad-9c45-401a2efdc17b,6402
a14e8522-296a-405a-bcef-ec620dffa4e9,6402
79c3f020-77b4-46ec-ba50-90b3ad91e88c,6802
b2d36285-0dba-4dc9-adf0-1172990c4363,6802
2cf09503-2c87-4ba7-a088-e86fbc81bfe1,6532
06959787-1c7d-4be2-bf3a-e19b165bb6e6,6532
ee1ef9cb-978b-42c8-b1a6-054c5b7f6909,6532
ac53119f-53db-4ec0-9b36-1483a8d45027,6532
4b947ec6-9c71-4830-939a-ec9149e3d72b,6806
77d6fbfc-cf4c-4638-84dc-1f12e4229193,6802
ffe7bda8-ef55-4bfa-a381-eaa644b3e128,3301
ae691b85-9219-4cae-aa39-ea0d438fd50b,3301
e7c4f95a-b888-400e-9970-e1257aeb3498,3301
d0822c18-b037-40ee-aa71-62be991aabf2,3301
21298e62-ab27-497e-ae2c-ef77ae3054f2,3301
6bfde905-0e15-4d5c-8142-070abc357e06,3301
1e8e7e96-84a1-4e46-b56a-34caf8c656eb,3301
f09c0d3c-e6a1-4e21-bfdc-3138f23dced8,3301
84f33b7d-0a66-4970-aca3-a9d7998b1550,3301
0c99d432-1e2d-49e0-9a96-0d3f3b8140ed,3301
c1429338-578e-4383-8137-d574137177ea,3301
b2df3166-f8c9-4d24-925d-c81fe197def3,3301
8bdb2904-f183-4a34-bcf5-badbd4fb65da,3301
c3635291-8687-4151-a86a-bc87e7038303,3305
0c58f5a6-d1ef-4b24-ba76-75861c35aae0,3305
12670f9d-8dc7-42c9-97a3-258f232a8c54,3305
633ad8f2-ab6c-418b-a34e-971a094d72b1,3305
3bbc58d2-838f-45f9-a728-80b7cfb8098b,3305
d1ced016-a4f6-4a93-b1c5-a7cb68a349a4,3305
44d990b0-a2e7-4e7f-88a2-bf9c228320be,3305
ace230af-909c-411a-91a3-1e141fa00858,3305
eb58ed4c-15a4-440d-88fa-e8313188fb47,3301
f321f50f-eb9b-4d15-839c-89d4047bc9c2,3301
7fe100ed-282a-49df-b7fe-8870a9870577,3301
3428b367-9216-46d9-bf0e-3fbc548ae0cb,3301
2966c6bf-aff0-40a2-b8e0-f9abed74d64a,3301
cef73a61-b42f-42df-897e-a4b2348cbb8a,3301
448365af-77ba-43e8-9497-56c7eb5b1d43,3301
4dc848ea-5a49-4233-8e98-01a6cfb33856,3301
12eac104-6aff-45e6-8787-6dd594465b59,3301
028ee716-6754-450b-9ba6-cdfe84e2eb89,3301
db918d8a-e6a3-4666-9ae4-4db8d203fa95,3301
78e4b603-53ad-4668-bb76-ea81b91201c1,3302
88ca6b12-75c8-46d2-82e2-ab1bf4a0607c,3302
5f6113cb-0826-44df-9c46-e727a18a2ba5,3302
a2f07d0b-a9b5-440f-b1b4-cf3bd84b5952,3302
4633929f-1285-443b-b7c9-7e216fe7c92d,3302
62dcf52f-6c10-4d90-874c-67e8acdab5aa,3303
9a0dc76d-1716-49a4-808e-2c726023ad20,3303
9a065f75-9e28-40d1-b377-87dd3d2a20fa,3303
68ce8fcd-6701-4699-a057-cae931f3b6dd,3303
9a224476-f232-45ef-9905-9cd313308033,3303
b6876d86-e519-4814-bb5b-b365ade4ebd3,3303
2e7e06e1-0ff9-435e-b167-681253b5ebb7,3303
771fd832-b7e0-4d2a-beb0-bdd825b32590,3303
137e3458-8d42-4c26-81ad-f8bce811e32f,3303
d20ff459-9029-40ba-963b-9b0fb950ceac,3303
8ef6b2ac-025d-4480-8cbc-4dfa5b167d2e,3303
7143982a-2894-479f-ab01-60cac98c173c,3303
4db45a50-8c4f-4f7b-8507-e7740d8fc106,3303
acac816c-c530-4de2-8406-344946c51df7,3303
313ba2aa-8923-473b-a88b-afcdfee10db2,3305
b1ffc801-0a4c-44d3-b1a8-827e2cb7d219,6209
165ee909-74f0-4c8b-9465-4f51d17d69fe,3301
f2572b1a-d6b8-4c73-a366-10b0d0db2668,0
38dff5f5-8fc8-4b10-b54b-c12f1c48d4bc,4182
38dff5f5-8fc8-4b10-b54b-c12f1c48d4bc,4193
38dff5f5-8fc8-4b10-b54b-c12f1c48d4bc,4196
38dff5f5-8fc8-4b10-b54b-c12f1c48d4bc,0
d7c9bd4d-0372-4924-955e-e0430e9902fe,4196
a0c5be20-3ac3-4378-aef0-18c175837e8c,4193
a0c5be20-3ac3-4378-aef0-18c175837e8c,0
b5ba4789-250a-49d3-a51c-d5a55c34424f,6211
5b55eb60-4349-4ec5-a411-330bac2a2bc1,6802
2b98a6be-7572-49e6-9c43-39be8d7fabb0,6211
1f7728a4-edca-469f-97d7-58689acdb9df,6211
bd565098-7b41-4251-b2f5-c5c20f0e6e04,6211
686832d2-4020-4b85-82de-0502017196d3,6610
19eeec2d-d8a6-4cd5-8fad-26573e332135,6610
29524c67-203c-4e7d-9ec3-079c77619471,6610
d921a6df-4032-4c83-aca4-1991027cc49f,6610
febec0a8-ef63-4b4a-b21f-5db28da7e604,6607
8a0c8994-2869-4628-b517-802deefc929c,6607
e2dc72cd-90eb-4a07-9128-b1c092ef19d9,6607
b246873c-ecfa-430e-9639-ba99652a3149,6607
6ad61cb5-f1b8-4b53-918a-7fedb0ece0a8,6607
3b2ad2cc-d871-4bc5-b026-f6ee9854bbb1,6607
ce390c89-09ec-44fc-86de-3da66d1f6e7d,6607
ebc2314b-c6c3-4fc3-b5d6-d7af2a1488a3,6607
5afc1432-fb9c-4b30-a829-38464ee1e44c,6607
48f61c86-4ac4-4113-a869-9e927c219ef8,6607
b714652e-32ef-4f67-9314-d3dd0b2b518a,6607
24d3e292-aef5-4f54-83a5-2003c2c87585,6640
8585979e-64a3-4051-93e0-5784d7beb337,6640
54adb78f-c5c2-40fe-9bbb-587d025fdcbe,6607
1a264084-a7ac-44ff-9e82-8747ca45883d,6607
f6075d4f-7c11-47db-8d7e-96dba7b451bf,6607
a89bc359-5836-451f-9965-9dc44f2dbc5e,6610
91b96c88-1b3f-42a2-a2fe-96c5fddbb660,6613
684d498f-dbb8-4f13-b3d5-51155b4153bd,6613
0d61aae6-ef0c-4de6-9a19-794bf208a807,6613
6c5bea1a-dd48-4a2d-86db-f8f54d4917fc,6613
dc158125-7d73-451c-9542-034b2670f334,6613
1e7df9e2-a143-495c-a190-135bc58bb22f,6610
ff73656e-13b2-41da-a0c6-343fe1377595,6610
afe6214a-e151-4451-b300-d3646af3adb5,6610
0784f979-9760-42bd-a71e-a2fe52f97621,6610
8757a221-7976-478b-9ad2-c5e6047c2cbe,0
098033da-cfa7-484a-ada6-c90ac5c8c523,0
2adbb5ad-ef83-4db9-ac86-53d84eb36ba7,6610
7d3e8a9c-2805-4ee1-a0b0-464b7623ab4b,6610
301a4361-b2bd-4ccb-8f24-d719a9a83d57,6610
40b3bc40-4e00-4202-9c19-d6cccb83e7a1,6610
eb20fe74-9465-4000-b272-9666b247a856,6610
e2a7d177-c4a9-4a6a-8c45-3774ac5c0f3b,6613
4b7067bf-416b-4bbf-95a6-7ba8703d0f3f,6613
2c4d65c3-e359-4bb1-ad17-50fed3287297,6613
0be8c40f-44f9-4a8e-a13f-e4781772a6cc,6613
cc6ce7e4-5283-4fa7-95d6-4e8648a29dbc,6613
6c757cda-1f94-4a27-a3c1-0408fc39c52b,6613
df0dc4f5-6b70-4d37-8045-c2ea809a2340,6613
b01c9c66-d87f-430e-ae58-af4a34719fcb,6613
1f2f8035-6e8b-43ba-82de-fe0526baabff,6613
fa13081a-0f6d-41d3-b02b-978da7fd0f56,6610
9682e2e4-541d-4428-a030-32d039278dc5,6610
3f2c459a-60ab-4a6f-b3e9-aecf8b3f8e02,6610
3a49ef85-51e0-48d4-8c4e-443f049f1d34,6609
7a13e1d3-a9ec-495d-b8db-b86d2b348865,6609
bbfa7f19-f863-4011-9cc9-dd22eb6f42e2,6609
8b0fd07b-7b8a-454e-9e1c-013b955a8102,6609
889df5ee-c7c4-4d4b-add4-77971ec524de,6609
b9ab6998-f4c6-4f61-9187-661b40a6824b,6609
5d42047e-480b-461b-af8a-c1e7e27841c0,3202
9c529088-0fb2-4fcf-9f0e-14cf4b7a0870,3202
76377d4c-188e-4690-9ccf-1f3a0a02962c,3202
ad061cbd-95e8-4523-8dba-f029a9812df0,4255
307433c7-2b92-4125-a369-1ba0998e6a29,4255
44f04af2-c0dc-4d06-9f1f-e8952a525a58,4255
f044914b-d7aa-4448-9a0d-9d42266c4ed5,4255
bb880414-db69-417b-855c-d46fb0592c60,4257
2f273e0a-3ab6-417f-9cd7-b77dbd842a28,4257
aa564f06-445e-4bd2-a19b-51e00b87559c,4257
de7dd47d-6736-4898-99f1-6eceb119d315,4252
2ed357b5-145f-4c7a-b49e-48a2a3eb0212,4252
394e36bf-cf88-423f-9a4b-7eaff459e9c3,4252
f3565cff-68df-428f-9b4b-b3af608ff4e0,4252
d3c55d16-b06c-4b3d-9ba5-ba8252705d6d,6640
4795d86e-cc8e-4b1a-b7c8-ad97f2b2e0a0,6640
840721e2-d291-4fa3-be84-bf345eb1f980,6640
412dae73-be00-4835-9997-568bb54197f0,6640
37867c2b-b0ed-4a57-9a3f-3dc40d01b50f,6640
2104fba6-fbe2-4b97-843a-0498faec2b36,6640
8814b3ae-3537-4cc5-a3cb-bcfb85ab40b9,6640
954bd1cf-07ea-4214-acfc-1a4a7c1356c1,6640
4eff04d6-0ece-4e5c-819d-c3477652b7c5,6640
