Survey,Location
217a6a01-f1ce-4832-8455-9af5054e9f30,3205
fea3e1b3-13e1-4b8c-9847-28d4966d9c92,6607
5b2d0224-0e0f-4bb9-8b52-61b4a26a8c50,4255
e41c5299-bba1-44e2-b33c-4a7c0817ef39,4257
399355cc-e3e6-4905-ae6d-c7c55b52d87e,4252
275a54a7-ec3d-4393-be8a-a4f3714b8368,4253
c6d2f71e-17d0-4676-8d83-c020ddb60443,6640
82d11fa1-5cd6-4980-868e-c56fb6f6660c,6613
387aad1b-75aa-49fb-8ed7-8db7b6ed1106,6613
f7270144-206a-4007-8df4-613c36fdc852,6613
a93f7723-0b26-474c-937d-47250b4d1282,4260
a93f7723-0b26-474c-937d-47250b4d1282,4263
a93f7723-0b26-474c-937d-47250b4d1282,4267
a93f7723-0b26-474c-937d-47250b4d1282,4264
a93f7723-0b26-474c-937d-47250b4d1282,4220
a93f7723-0b26-474c-937d-47250b4d1282,4253
a93f7723-0b26-474c-937d-47250b4d1282,4252
a93f7723-0b26-474c-937d-47250b4d1282,4265
a93f7723-0b26-474c-937d-47250b4d1282,4265
a93f7723-0b26-474c-937d-47250b4d1282,4267
a93f7723-0b26-474c-937d-47250b4d1282,4267
a93f7723-0b26-474c-937d-47250b4d1282,4257
a93f7723-0b26-474c-937d-47250b4d1282,4255
a93f7723-0b26-474c-937d-47250b4d1282,4260
a93f7723-0b26-474c-937d-47250b4d1282,4267
8e9d5ef9-2f77-4b48-969e-6a6a8a97e704,6609
3bd36f47-0e20-4f4f-905b-cbb71a3e214f,6609
c737993f-018f-4c1f-881c-c8cb8278f028,6610
4068a474-73ed-4c96-accd-1aab035c3531,6610
e99b34b9-03f2-467b-9234-6b0f83100ef5,6610
6a238d5b-bf6d-459b-8860-15e3a5113559,6610
85cc987b-e902-4c48-9926-f8c05502a734,4260
85cc987b-e902-4c48-9926-f8c05502a734,4263
85cc987b-e902-4c48-9926-f8c05502a734,4267
85cc987b-e902-4c48-9926-f8c05502a734,4264
85cc987b-e902-4c48-9926-f8c05502a734,4220
85cc987b-e902-4c48-9926-f8c05502a734,4253
85cc987b-e902-4c48-9926-f8c05502a734,4252
85cc987b-e902-4c48-9926-f8c05502a734,4265
85cc987b-e902-4c48-9926-f8c05502a734,4265
85cc987b-e902-4c48-9926-f8c05502a734,4267
85cc987b-e902-4c48-9926-f8c05502a734,4267
85cc987b-e902-4c48-9926-f8c05502a734,4257
85cc987b-e902-4c48-9926-f8c05502a734,4255
85cc987b-e902-4c48-9926-f8c05502a734,4260
85cc987b-e902-4c48-9926-f8c05502a734,4267
b054db58-ae57-49f0-9568-f44501445b8c,4514
cf0d78f1-2b57-4b3f-8be4-c39973cd4c96,4513
6aa2d212-4f8d-4ef3-a827-3b5394691fcd,4511
3254e3c6-eb09-4716-be70-01df7c4ec206,4509
7d21b453-33ce-4dd8-82a9-244046299b80,6206
4ddf6053-efb0-4e37-bb5d-ef9abbe1d767,6614
9f838a1f-7352-4885-9eca-2866d085cb29,6613
c8a521b1-baf6-4450-9df1-9e18c77df518,6610
317ddb63-e4ac-4c4d-982b-a54de535cdbd,6610
6bace6d2-c484-4fb3-bdc5-a7a7d5d52358,6613
ee03b8d1-2950-40d9-a5bc-d96df4ae720c,6610
d0616665-568e-47b0-a065-46d4047a17c9,6607
d719bddc-f56c-44a1-9ff7-f53c04471ba8,6610
8b6471cd-f13d-4bb7-81b2-898517d97249,6640
83191aac-35c1-4eba-8c79-7e9d71c75f30,6609
58af8cb1-8820-4db3-99c2-a8856f85b607,6609
020e65eb-a634-4cc1-b21f-14928c332be3,6607
84e71ded-ce7e-4e00-ab89-9a9aaffc487b,6607
691ebdcb-706e-4bd6-9753-db99b0816c79,6613
2ef4d026-d972-4ff4-b538-f75db95ee107,6613
1c18f372-23ad-4f1c-9298-0248122a1261,6610
47bc4221-2308-4869-a735-7598c40914d1,4157
b07b1992-0635-4909-8db0-b48b50d37943,4120
c8d9e610-c838-4f49-a488-4c9f27db2541,4120
8ed7a5fc-dcbc-48b0-bf5c-51047b9446d0,4156
46ccfb18-b777-4617-b88d-cc2f77bae567,4161
33114782-6112-49a2-b2bb-8b241506e879,4154
3e37aec1-ff56-4c23-a069-886a4e9759e9,4156
86104778-2506-418d-9b45-87e4c9713dae,3165
56b23866-56e7-48e2-b3ae-e09b79dad765,3165
29bccb55-015d-4b36-b605-49300b62ba9b,3166
896d92a6-d3e2-4194-8053-6a9a0ae2b18a,3166
8b1ef5a2-af98-461f-a14e-b91dddbaaca6,3165
e689c76b-cf22-4ad1-a8f4-882d4c7902b2,3166
6abdda91-bd07-4bfd-8a33-dd0512edcc35,4220
ae39c68e-ffa5-4b0d-a242-f101a79fa016,3201
82eab92a-60b2-4150-b3b6-c99f4e2bca8c,3201
dcf477c2-aef3-43aa-b33a-9abf6395966f,3202
dcf477c2-aef3-43aa-b33a-9abf6395966f,3202
a9b4cf50-9022-4fc6-84d6-92b3ddbefe86,3202
084b8470-bd83-43eb-be6e-5b6dc5a08f2d,3201
8463c791-3341-41ec-a604-abeceb521cca,3202
6e854e69-e584-4ff0-8368-738f423970b9,3201
369e9882-1f6c-4c6e-9650-f6413e705ad3,3201
93a65ae3-7151-44b8-94a0-68dfaa436731,3205
54e4de65-16b1-4160-ab88-65a82345cea3,3201
54ef48f5-75f6-4b1a-b3eb-977469354dfb,3202
11bf84fc-d7a4-49ab-ba1d-9c19313e6aa9,3202
b4e46c1f-04b9-4ff2-a876-77b29de91c75,3202
a7cc3360-b4ea-4da9-b65f-865223d10d8f,3202
4385ede7-8206-45c8-9327-69d8919d4107,3205
2164d0c4-86a5-465a-8711-d8d99fa56b71,3201
4aba6c92-a071-4d28-b813-73b8b148d702,4513
826f4472-533c-4dc7-814b-db2f64cac00e,4506
86ebf252-a032-4908-80c3-fe5faf216dd4,4505
8935bce4-590d-409b-a5f9-ea7a8d9c43af,4506
681347b8-feaf-46a3-bd16-6472b527f166,4506
191f777b-1b0c-4e7b-97ea-51980ae17c84,4506
bf134331-19dc-4e64-b227-8492c43fa387,4505
287ccd60-3414-4293-b4c4-30830325cc9c,4506
db28b84a-288c-43fa-bb5f-f18601f7a7ca,4505
8c6639d7-3247-475a-a58f-c79614824e3f,4506
09cebf3c-14ec-4d44-96f2-2eb82a5767f2,3305
43e2d814-03e9-4b0b-b7af-4d628ea1402c,3301
e521b8f9-1713-42f2-9d78-de462c3674ba,6566
334599f8-cfb2-4616-bd23-765986eb3c83,6501
cdfb2265-10b1-45bb-9500-29e9d91502f7,6506
c36e7d5d-0eba-46c2-a0e4-6c3dd0611b66,6516
5df676b4-cfb0-4407-92a5-e596a84b86d3,6539
b116c85a-c0d1-478e-b191-fd7590f2e769,6515
6ebef5b4-2aaa-4d0a-b6e5-e876ada8601a,6518
064a4989-0e01-4d07-ace9-6e1caa71a4c2,6526
155c2d02-11dc-4a60-a3c2-ee3195770c2e,6522
23cc3d0b-c7f8-42bc-9eb4-f3f11181c047,6503
23cc3d0b-c7f8-42bc-9eb4-f3f11181c047,6503
23cc3d0b-c7f8-42bc-9eb4-f3f11181c047,6503
23cc3d0b-c7f8-42bc-9eb4-f3f11181c047,6503
725c5e8d-84ee-4b83-bc5b-d8e971d35713,6537
4d9c2981-6f54-4937-ab7f-ac029a432fe0,6502
32a5050a-5f32-42f1-9104-0283aa6e5a59,6537
21ccd518-18f3-482c-8aba-fb1fc1ebb1f5,6541
53b7482f-8678-4a90-a0f6-6a694c4d7d3f,6503
53b7482f-8678-4a90-a0f6-6a694c4d7d3f,6503
53b7482f-8678-4a90-a0f6-6a694c4d7d3f,6503
53b7482f-8678-4a90-a0f6-6a694c4d7d3f,6503
a65fc5f0-460f-4a17-9d5a-44416f8275ef,6525
d1acd318-1130-4b81-9f6f-b72a3b9a30c5,6524
0f113523-3f39-4c92-820d-42f97beaddb0,6566
eb550cfe-208a-4c8c-8190-4eca98cbb33a,6566
66ec7ca3-fbc0-4229-ae34-a7ba01600354,6523
88361adf-bec4-48a4-b32b-ab6db320726a,6509
5e34c613-6183-417e-af76-8654970a7657,6508
d0058afb-f984-4b14-b67c-d666e64e52ac,6512
1ac27b61-a281-44b4-aeb2-057cd2647184,6541
48275a5c-b7de-473d-a09c-23570c98bf89,6523
d77b83e6-7a26-4e88-b734-399d4cc3b6f7,6518
0db58526-9636-4ca6-89c6-5db25a607209,6512
3adb94d0-05bc-4436-80b4-091558586da1,6559
b8b891ad-4d59-4859-8681-4d341fed91ad,6539
2ebddc99-04f3-426a-9cca-c95e99641fb6,6520
e9bb3c43-6940-42c4-a56b-1ed4efba1a6f,5104
8b6afba1-fea8-45e4-b9ae-5ea96bcf9111,5122
1229c78e-bec7-4fd0-8599-bd769efbf861,5107
4664274f-bcd7-4d4b-8729-a1e912cb6850,5107
e5593d5c-4672-4cba-bdf9-973fa12aa6a8,5122
40552a88-b83d-4615-aa82-6db933d62f76,5122
883efa84-32d3-4038-b9d2-ac31032ec7f9,5106
f499d6dc-ef26-4392-a3c3-a38395058326,5125
b916b7ef-9786-4079-b79f-a229c4caf92f,5109
9d393df3-094b-433e-9536-549baf0f6dda,5104
20fabde2-a2da-4f1d-9141-96134576b488,5123
b1b10e11-a8b8-465c-abe4-5395cfde5b86,5118
0b854243-69a1-4a1d-be45-e3635abe99e9,5107
7565c1d5-d638-4b0f-936e-5c8830231081,5107
80b36ca5-97b1-4123-b8d6-965d2bb5d965,5122
81ea3dcb-8956-43e6-8c8f-9923960e2ac9,5125
75483dc5-7ba5-4c3d-a4d5-4b13e3f7bff3,5122
b37cb20c-3685-4a94-af72-d15aaab167a6,5104
4d232a83-4f53-4046-8da6-367a5e85d2d4,5125
eb2fb271-3d59-4d27-a85f-b3d9ad39fe41,5106
5a4de8c9-9cd9-459c-b56a-6bf09a8b3daf,5106
d7529b41-bfe3-41df-8846-a48f2b9cce4c,5106
ee7a11cf-5d9e-4053-8ad8-649500bd5dc6,5109
2b6cb669-a9c0-4c66-84bc-3a02646b4d73,5109
07443987-18cd-4342-bdaa-7266c01044d7,5109
d69b2630-3588-4e3b-93a3-78d950420c0e,5106
f4b6e069-511e-42f6-81b1-50e06f1db7f3,5104
39267098-6943-42d2-96be-8d3a8066b61f,5109
f1fbf26b-23d9-4c19-8074-c74c8796c1d7,5109
8c890c5c-68ce-490a-ba36-6773b84181df,5104
dd720c37-d5e6-456b-9f54-898968a60f24,5104
7af24bbf-cf1e-4548-81e3-432f87d9dc3b,6904
d6515381-eb3b-4d1f-8c90-218623fe3acc,6904
7fb78313-71e4-4c2e-954f-c0558d84afc3,6901
d384a7e4-9a81-4bc7-b7d8-59e9192793c9,6903
c31b9ab4-1ad4-4972-85b8-06bd66290b0a,6902
5c908976-4019-480b-a348-261d408f2f75,6902
db1c0aa2-e9b7-4e72-b17d-9d58c133f9dd,6903
1e6d7caf-446b-4a2b-beb2-30eafc40de7d,6904
f4686d41-a81a-4817-9b0e-0cfdef20b1db,6901
f5105540-86b9-4c97-9197-a8955f9685f0,6903
5de420cb-10b3-4c29-a459-c28d6c433ad1,6901
383af193-4ee6-4256-9b5a-926b51d33c07,2110
cdf2d557-602a-46ec-88de-81a7ed678038,2214
cdf2d557-602a-46ec-88de-81a7ed678038,2214
c8f10880-14be-4555-8841-cdff3022c347,2106
c8f10880-14be-4555-8841-cdff3022c347,2106
072e9acf-d642-44c5-bf78-e5bbfbc43b69,2106
072e9acf-d642-44c5-bf78-e5bbfbc43b69,2106
41ea2362-2766-4a8c-8331-0135eb2022ff,2258
03ae5c8c-8b64-4977-8134-a4725ab05b65,2107
03ae5c8c-8b64-4977-8134-a4725ab05b65,2107
bb8cc1e5-b7b8-4d6a-be2f-cc45b5bc5779,2140
0470a8c0-b9f8-40f7-afb6-116ac70826c9,2113
04bd8add-fced-4510-a580-7bebed7d5889,2114
67c32e93-5eeb-4bc7-a58f-f3b78cb567a5,2252
3b0f7a54-c932-4b8c-8b36-b659c592421f,2253
2f5b0166-3159-471c-914a-2c04ddd98a1a,2109
f3c99296-b8c7-4ed9-8dbb-a637a79feddd,2250
4771b8a6-7225-4751-b092-1b6fee9fb8be,2251
7e8e6d8f-46f6-4d64-b4ab-33b276b8c78c,2254
dc5c87f2-4615-4280-ba79-3362969733e5,2256
9b52cc5a-107a-43fd-b11a-ce4daba6f431,2253
9df356ad-f61c-4472-8dd1-02997543a1b3,2214
9df356ad-f61c-4472-8dd1-02997543a1b3,2214
c45ff981-f3d6-4669-8f59-10290c08c7a9,6317
751d73be-e88f-4939-9c3e-723ebf219c3a,6811
bad5eb26-fbe7-4156-a7f3-553408a373ed,6811
e18b28f2-0b00-4d5d-bd5e-65c6e7299cd3,6317
b399261a-ead5-4d84-8c7a-d09f136c1417,6402
8f700dcd-e281-455f-bb7a-1647c5cec35d,6317
f1731a58-aa23-4a06-ac47-ba5f8de053da,6205
9487d62f-12db-451f-9513-aecafc7e711f,6317
f1fb9cae-e90b-4f46-b995-5ce7cc19ab1a,6209
34dc8437-b4a1-4983-9faf-1241bf535187,6207
a11f2544-d7a0-465c-aa53-644ee0b4f5b5,6209
0c9981bd-a6aa-4d1c-8ff7-7b1597b7caaf,6402
091e72fb-c96a-47f0-b4f7-1544fda875e0,6317
88a96063-b25d-4bd0-9382-ac1856d72971,6206
bd88145f-0a6b-4a76-96e7-ec4230aadea3,6317
43c4e101-e689-482b-9d34-a19d04463c6e,6215
941c9356-be42-4766-bac5-63b722ae6e27,6202
a2602ea3-85ef-49c5-bc69-a261b7204852,6317
c9615afb-4ca2-4193-b41d-9eee53507c02,6317
f9ce7504-be87-421e-bb6d-cb2767bafa03,6803
e6716579-93c0-4c48-82d8-9c282ad3901a,6803
f32038b7-666d-437e-bc6a-e9722567e405,6213
612112a8-5ee9-43cf-acb0-8f6122c38ddf,6209
d411d52e-f667-4b0f-8e5f-4b36339988df,6206
529b189e-b654-4ea7-9b60-2ed055cb03b0,6318
03c9aead-7f2c-44be-914e-9955a223434d,6206
1c3afb8c-ace2-4637-be0d-35d47efe5b90,6321
29579385-f910-40af-8862-f06f8b443962,6319
882b0f64-bcb6-44b4-b2c6-f595fb1325ca,6809
99ae6bf2-e42f-4d2e-a527-f98169915243,6205
1b18cdb5-e3b7-4e34-a5ec-82eb6d7d0ff6,6319
20167ea1-581e-4217-a345-73b3effaab4f,6215
1128b595-3096-468a-87cc-bb8a16db3e5e,6213
b3ed6b6d-719f-4221-97f9-611a203f3f22,6801
0487c5fa-1389-478a-9da1-0e8f59933c7b,6213
9a71b1ab-9a84-4b2a-a321-b01138304320,6809
cfc08fff-f0d5-4b3e-b315-06c39ab8bd24,6207
91a610ee-4cf6-4aa6-8a7d-4900d4fefcc1,6317
a2e9febf-b166-4cef-b585-08ed2a670588,6317
9be28143-032c-4475-bdc7-20f30b5a5068,6211
de169888-239e-42ae-9c31-a17b2bb780e1,6807
ffeed3d8-671e-4360-b38f-cd4e79a4c062,6315
7621b9d9-aaf2-4ff6-96f3-14b9c1ac3b0a,6312
c7986b0b-15aa-4163-a518-4dc471c616ee,6321
13bd43ed-85ee-4596-8229-43304532571b,6801
41de5efc-b234-4166-8019-29aadf339713,6807
0821056f-522c-40db-9044-f4e6e98c1e18,6308
6876e8e0-7768-429d-ae06-3be834743b2f,6315
f73a9733-7be4-421e-a27d-a97e93bb61b9,6317
1dc4b13c-a60a-42ae-8981-56f529b02118,6323
84fa5c71-2922-49f7-93fe-dc013653cfb2,6208
08f5fdd9-3459-4d0d-b293-a695f466cb53,6211
7799628f-c27a-4b8c-acb8-1639496b47d3,6323
e2de20de-e153-4a40-af1e-391263778451,6321
beefd8e9-fa92-4bc2-94af-36e9a99465d3,6318
fa9b6a22-9aac-4b08-8200-dce6c93a20c4,6323
247a14a3-39a4-4c72-b902-c58fd4e905d2,6319
2adaf28b-23dd-4846-9a92-0bb692552693,6214
9b221d1d-c1a5-4847-acc2-1591a51cabc0,6312
e0111bd8-2964-4a05-8824-87dae9660508,6802
2a970997-e587-44ba-bb01-7849cd65dc4d,6317
727eee46-083b-4ee7-971b-882e76a1429d,6806
2b611b48-f73f-4da5-bf01-39451adafa2e,6805
a33a0d5f-9497-4cf8-99db-fd6569a1397e,6315
4638bba1-8c0a-4553-87e6-2e3b0c9e6426,6802
24728c50-4194-4512-8ee4-b26937237b4b,6805
78fce154-3ba9-47bb-a319-539175df32ee,6318
b9aad0e5-c40c-452d-ba73-5a32fe31390e,6319
cdcc003d-69d3-44c6-84a4-09b1e4d2da29,6312
3715d7d9-2cc5-4eb6-b0f3-034d22507d65,6323
35e92431-a046-417d-b6b5-57dc4497e2b3,6315
46f6a282-7cf7-4735-a9a0-ba4ffa21d49d,6202
921f2095-4722-4fec-831d-a0ccc1c9f491,6316
09c0ffd8-d4a8-4d57-a12d-c9824d60c59e,6317
395b7aeb-27c5-4b64-b558-9a8c94e9c366,6207
c988a74a-1b4c-47f0-9e5f-c0b90cea69f2,6208
ba93ac30-0355-4e14-8116-f67d0965aab8,6315
6b19d620-010a-43cc-a40d-40177120e82a,6323
0fe6c9f1-a39a-4f6b-b21f-9922f4e67fa2,6808
fead9a9d-14c7-47c2-936a-23f256193467,6315
8bb5bc52-c882-43f2-a0c2-4bb053f9d298,6806
896132a0-6234-4688-a64d-03590f11a2d7,6215
a66b0904-b723-439e-be2e-49f7baf30f5f,6315
f42bfb9f-eb4b-4e62-916a-c5f2f90fe2c6,6319
21ca8f31-76c7-420f-ab8b-0c098862b492,6402
83722e49-4101-42b2-8085-aeeb9baa6ad3,6315
b6fd357c-22b1-49df-8794-b044483a294a,6316
3c746e9e-6f4b-4fde-9b46-fbdbb3ace244,6323
eae150e3-98dc-4d68-bddb-a0e8501e5ad0,6312
ec1b3cf4-2ce2-498f-96cf-b9be00f72384,6319
ad411b15-4ef8-4c7d-9985-da2014d5827e,6214
b8fd1d8c-b09b-46f6-b36f-df09dc9fa73a,6808
84544cfb-d3db-4902-aebb-0629a0e942b1,6402
5184bf79-7c54-41d2-a6c1-ed918be7197e,6402
c4e41adc-84f0-4ac2-9011-a86d43e2f77b,6315
8a459577-7fe6-4b4f-894a-93750df78199,6321
182db6dd-f0dc-4238-a822-f93bf72cec90,6805
df3bfe98-02ec-4708-98f3-1968c775cf5c,6321
9c62e8b2-1f4e-40ed-b774-1e037955b3f0,6319
a66b4522-fdad-4b7c-be16-a0ddb22b72ff,6312
f13f9462-26a4-42d8-b302-c916487620b0,6308
404e763c-1ec6-4868-a88f-a8cef914eede,6315
4d0d1813-c854-40ce-9944-c7fc874eff5c,6318
21160b86-541c-4923-af41-26ffda87f4cf,6308
41f0c5ba-c62e-449f-acc8-6049cfb9bd1a,6321
6d596626-82e2-4e15-ac30-5305fb0b6f31,6315
749f8df8-c3ff-4b7a-8c31-c6a84e716059,6308
05c89bd7-e631-406c-8757-26aea92e0b6c,6308
53e5f41e-0091-446b-9f25-d0fc26410c98,6208
9c433edd-98d2-42b0-9192-5aeb110f41b3,6811
64a92942-f1c2-4214-9a40-0a773dcab9b9,6205
40b6e463-4de5-42bc-a673-9f2a6976c6bd,6208
5d669e20-9eb8-4573-8275-33faa3f6b656,6402
5d273b9d-02cb-4146-9bd3-b4a0c95af992,6312
37d18331-2869-4388-a6be-3f6d6c1f3e3a,6319
0ce9200d-6f47-4f5c-a36c-9ce091f1ae21,6315
cf0746f9-9eae-49aa-8092-c15a41fb0abf,6206
6c775bb2-3a08-497e-adf4-bad17487d0c5,6803
db78ebf9-efb6-4c3b-8cbb-190fae755a80,6315
2b3ccbdf-eab5-4a2d-ba7a-1251ae98d932,6315
03ce0799-c9c0-4b5f-9e4e-da5b97a55ac6,6205
36eda3ea-99f1-49d4-a2ed-ca92b097129a,6803
9ebbdc86-1e83-4cfd-ac6d-1b5a75028739,6206
37522539-8065-42b3-beb7-8c4578bf4172,6807
28593353-92d7-4ca1-8c38-ae3899416f1c,6213
07a6f506-eadc-48d7-aa45-00729dcd901b,6319
253df101-057a-4bd0-b624-6f843064efff,6315
14061940-6ea3-4dc5-8546-96f7029bf4d5,6317
fae453a0-3b0f-4d75-8184-dc06c840077e,6321
b393503b-0e90-4786-a875-371a7d3f0bf9,6213
a1dfdc6b-7000-47f7-8c83-74b789df4cf3,6807
ad11da1f-f1de-4d9a-8307-2c84638b759b,6460
320ce4f4-6231-4b7e-9a5f-3cbadb4707b7,6312
6d94f0e2-d08b-4db5-97b1-7387458d4729,6402
c8d6d6d2-df89-47cf-b61b-28cadeb73310,6321
02d7aee5-69bc-4425-9305-bedbed50df78,6315
e49beebb-5f78-404c-8666-271956719a64,6312
c2a53302-aadc-43a7-80da-303be0eab086,6809
98873b92-3e67-495c-89f8-f0bc2d7d79a1,6803
c0383592-60db-4e8d-a686-feba9ba23ae6,6207
43baf7c7-b76d-478b-81d9-84d55dbfd64c,6207
a327e509-eb68-4129-9bf7-b1186ab67d66,6323
98cbbc84-72d1-427f-a0e6-144ecdabd0fd,6806
ce5a2c73-e8c7-441c-951b-c393899daf9e,6312
83b17586-a42a-444a-a376-cda741c705da,6321
8f1391d2-c5c1-47ee-9ff5-8f241e81b192,6317
15baabe9-cf04-486c-a2bd-a811a0212d8f,6211
bb59aaa6-d46f-40f3-9748-1d837ddb4e4b,6208
9aee2e04-ae87-426b-a1a6-caa2429534d8,6321
f3fa3a80-c51a-43c8-9b1f-e7a6fc459519,6207
f0cad57a-39d5-449a-a240-f82b0a19d224,6211
9bc10f91-2822-4989-8da8-80e8344822e7,6208
98ede003-1d2c-4d7a-9fb5-4c973f80a3da,6318
95abf2ab-bde4-4f4d-b16e-b1a94bb7458c,6807
eb43fd8e-a7a9-461e-8cdd-191c4a4276d3,6214
4d5085a3-b661-4756-a81b-de5b82f53de5,6805
c8755337-89dd-4f55-ad34-dcd0fff97c31,6214
06987ac9-9554-4a69-b934-73579daff9d5,6308
6201dfe6-835e-4b3f-b484-455540aae644,6315
8973fec9-b89e-43de-ac0f-59a1737e45d7,6801
f6e99b58-98f4-4e3e-ab3b-5ad100404c0c,6318
9bfe8ecf-0da6-4cdd-b62c-a725c601d949,6323
e3f55064-44fa-4fc5-85fc-5bf254648e4e,6809
b8279ac8-0758-4eb9-accc-8278b0696e0a,6315
782a6987-ace6-45c8-a914-93c399f80643,6801
9bea2d42-597c-4ab1-9de8-79d714b18e93,6323
235fb3ce-ccb2-486b-a589-d5db13eecaa8,6312
73c43c78-02d6-4112-87ab-17a57f00d539,6312
1bda6924-8183-4d15-98fe-c50fb6960510,6315
2b3fec6d-0323-4992-b128-a1f4b3d1cd74,6202
23a0cfbd-fc74-4400-9047-c260998b2be5,6315
fb1fedb5-2178-4be2-809d-167fcdd0fdf9,6806
03e1a2b6-82dd-4d26-b7a5-7119ed9d3b7e,6809
b8a46274-9d68-446c-b80e-b9cacebafd0f,6806
4a0b9317-30b8-43c9-a0ab-df43cff9362b,6802
8d6fe83e-6687-46b4-80b3-0393155e55b0,6317
c41e13ee-24ca-4e6d-a99a-0997f8e4b597,6316
9cb760e0-8cd6-481b-9a86-1f048f6aeb0b,6805
fc20a0e6-9cca-4ada-977a-a33b89d93ab9,6317
4bb48995-8ddc-4f12-b965-a854b72a08bb,6202
3d52cfd2-69bf-4740-b458-1e703d00929f,6315
a9d1f42d-4c8a-4bb3-b31c-a40ec74918f2,6317
b9b34b60-5d0b-4309-970c-1c3a8f957dc0,6801
0c12abad-2284-414b-a38a-6c777d52a1e9,6215
0026110f-3974-4d84-9252-d84fabb7c7cf,6312
300460c8-3d85-4168-badf-389d0cc76538,6806
3dc4ab60-8fee-4ed5-9f19-1eced9b7cddf,6318
769cad01-ec39-4b38-8282-c8231b315094,6316
8c84736b-8667-4f6d-b527-dd5b25f64a2d,6802
505befd7-52d7-43a9-98fb-e2434a74649d,6805
e02a00a5-96f5-4afc-8c4a-6cf6eaee0d41,6315
320bfbf3-6bbe-4c41-b6b5-de9df26a64cd,6316
6e82b569-8b50-48fb-a8d8-48eaa5ca1218,6809
5aa53dae-bc6b-4142-a93e-e0790705e3a1,6316
bbe5f16f-4a1c-4969-8429-075fd2f9d04d,6808
7816fc19-7538-4907-9031-6e7b18c7c431,6215
ed4ffe4d-fc9f-4ccb-abb7-f747655ee5c6,6215
c561abe4-56cb-4ff4-9cbb-b61f52252b7c,6315
7e6c80c6-10d0-4f3d-bc7c-9362d7186b15,6317
f9c912d1-0487-443e-8c1d-f31f89acc6a8,6201
44175421-db1b-4a64-b3fe-b145ff3081b1,6315
d7124019-8ecd-4946-84e8-4ff6246b1e56,6808
1e452497-57c1-4042-bd4b-113025fb827f,6201
2ddb7654-e788-41aa-8f67-6346da8718af,6318
4863c48f-34cc-48b4-ae41-750e32a13ad9,6308
71cc60d6-654b-41ae-9356-1b345b47a009,6323
d1945700-869f-4a80-8575-15b827f3e2f7,6308
6524a307-baad-43da-95d5-60276c8bbf35,6811
e34fe9b2-3aef-4aac-85d4-18a48a863946,6209
b389b22c-e0be-4d17-9d47-15e1e5bdf137,6633
1e6d0cc5-f2ed-471a-9b50-ff11a95bb955,6308
ac9e0ef5-fe22-4a37-8c7a-8304a60762c6,6205
280e4a58-cb1b-49e9-a153-3745fd9ee84a,6633
134f211e-c762-448e-9cb4-d74d391aa30a,6640
b48db8ea-9988-4b20-bfb8-c12ed1609c10,3202
b0ffe569-0fa9-4871-b78f-2187c77f8542,3202
fc3581a6-da9c-4d7b-9ef4-6d0e4d6ec2f9,4501
3571a440-9d9a-4c9f-8f4d-c5f096f7e18b,5107
8d4b19a5-1478-4d54-b614-e3dc5d1d764a,6317
184d8963-294b-4f99-a02b-4aa210ac3e1a,6803
72203def-c3d0-4550-8152-b8c0bae67311,6528
ad344bed-5476-4c90-9f37-bb6046d178a5,6206
246dbda9-1350-4303-81ea-d371f275cf7b,3165
93695fd8-cd02-41cf-8e9a-df95670f0d36,2107
93695fd8-cd02-41cf-8e9a-df95670f0d36,2107
4f1beabc-9716-4a35-a4c8-391d00e333bf,6213
996ee1d8-e54e-4f5d-ba8c-0c194bb4460f,6312
6cd82eea-80d8-4148-bc56-0b3ec3f4bc39,5104
b0369be7-1fab-45e6-8c21-eab03ddde61d,5108
8ecb0bf8-e86d-448d-968e-fb9e85f6ea18,6205
bab97f5a-6340-4911-8787-7a86bccfa9bc,6316
8266de99-d3d8-4d51-acf3-0df355710454,6205
9642ef5d-0b8b-45a7-a381-40896ae37327,6206
9f133abc-2de0-46f8-af24-6add2db58fc2,6315
6bb724ed-9360-4a14-8869-d5deab567354,6315
f61ba137-4f3e-49f1-b75b-ffc2262a2b14,6315
c5b2ec41-7d70-4f39-94d3-18c69f07c23d,6807
f843510c-cc91-44d6-bbe9-566342e87e56,6317
46958df7-0ce9-433d-90ef-dd18b1bc601c,6317
654f5154-f426-4e96-8710-426102447c38,6315
49a50642-c1f0-43f9-b267-b1284d112560,6807
fbd9e9f8-34da-4bc4-b545-7a83157d93ff,6213
52190d0e-87c6-4a7e-8732-b56ae369eb26,6807
a818ecdf-8535-482a-bc70-b07c389ff4de,6312
27f9f49d-d462-4094-9154-acde5f7c7157,6315
0caf5596-3f2a-4087-af1b-97389fec04ee,6317
c38aa8d1-7de8-4c65-be49-6292bb988d15,6319
b8235a42-6991-4900-97de-88e5a5a0dc20,6318
9297373a-f09b-4782-96fb-21ee80531c11,6316
5126fe45-d754-40e9-a5e8-4d1318d94f44,6202
9210cae8-be9a-43ee-b72a-f0c5a6ffd538,6315
1c3b0350-b33a-4457-9b9b-e73699313abc,6315
6dbe9065-e84b-4f0e-8249-7910547d5d1d,6317
a0e41675-60e5-449a-a358-4ed9723bdb08,6207
fa275c9d-dbc7-4f33-a19e-83da8c7f5b40,6215
5d01e27a-db1f-4719-984c-e50d8da11508,6323
8d7ec1ff-6984-43ac-b97a-9c4a7cee6fb1,6321
f95b74cf-4c35-4a67-bfbc-5786d61257c5,6308
596942b6-00f4-4be4-a9ac-ee97df4a28fb,6312
9168dd0b-93d3-47b9-8cf1-246a8dde99fa,6208
5d675686-c76c-4529-8d54-aeacf7034f34,4506
e9315c8a-ea8e-4091-a91a-f90fe0e94ea4,5104
3c5a37ac-7c51-4e8e-8e4b-3c8119b0f646,4512
949874d4-e5ce-4cb0-a8e3-6172e913388f,4512
9dac686a-1298-4ce9-8143-f63fd55addd8,6308
0c5a95a9-428d-4a04-989b-96c09f6d6850,6202
fbf4d17b-549a-4187-933a-d60c425fcd35,6201
9962e212-7016-46d8-9ccc-85b0987abbc7,6215
96045687-4f9d-4949-8458-3670fe4fa3c6,6317
93d7a7fb-34a9-46d3-bde1-a009b8364afb,6207
93d7a7fb-34a9-46d3-bde1-a009b8364afb,6208
fe9abf9c-40e4-4f73-b611-61e32deefe66,6214
fe9abf9c-40e4-4f73-b611-61e32deefe66,6211
fe9abf9c-40e4-4f73-b611-61e32deefe66,6206
5103de51-381e-4480-96b1-c17e87910e8c,3165
e96e158a-d5cf-4a3c-9509-c8f64612bb89,4510
82d02d2f-c4ba-4100-9c60-a6852aada2ce,4508
03d14885-7203-4934-bf55-c47747553306,4511
87469bf7-7e73-412f-96af-1cb0300e3ee7,6213
06870980-b307-4d9f-bf65-c5f5b381f24d,6205
2d5f3436-f7e9-4442-b33b-b8d887c5fed8,6209
40f81e06-3ab5-4439-a264-b2cd15e18b3d,6809
7dfed05e-54bc-40a2-a7cf-fb39711aa5fd,6811
d7300d96-226d-4235-9ebf-6faaf4d61eca,6806
15713b06-1c4c-48fd-a96c-83674b46bef8,6802
60f6dda9-050e-4f16-aa31-582c62a9ef6e,6805
48e480cd-4ff7-4695-9030-805773e36792,6803
75a656dc-12af-45da-b254-202e8a3d5e4b,6808
e7ced2d0-f560-4919-b4a7-5192350d05a8,6801
7fde4fc8-d549-45f3-af3a-a4b24150bacb,6807
0508f09a-fcc0-4d6b-a2e1-bddb64b36f8c,6317
72953a43-ff18-4165-a9c2-b9f31176bd70,3202
d63689d3-2703-4978-9801-bc7e95d85b7a,3202
1b13eddc-3f76-45d3-9ccc-5a6028c0cb1c,2102
ee85ae93-9a71-42eb-b0ec-a570c58fd12f,6537
4bb66c73-4bb0-41ad-8969-ae5fb6ab7732,5107
da68839d-c301-48ad-adf0-8b86bdda332d,5104
c37f7189-2399-4666-b3bc-b3485fe78c0e,5106
50a61b4f-33fa-4ddc-8a69-717092b74dda,5122
54479b81-9e16-49bb-bbf6-8be853293a00,6610
28ed9a45-8a0b-4735-b5f7-983767e1e143,5109
7e7653c7-ea27-40e1-b13f-51c569392791,6608
a09d6356-af7d-4eef-ad75-a122acbf3418,6608
12e3fbc8-9473-47a3-ad75-417ba1affb8e,6608
ef87e60a-f4b1-4bba-832e-4e524e1cbc44,6608
792644d1-0eda-4d5e-a01b-06c4102f681b,4154
792644d1-0eda-4d5e-a01b-06c4102f681b,4131
792644d1-0eda-4d5e-a01b-06c4102f681b,4121
f40da41e-1b99-4da9-81c3-f131e050cd2d,6529
f40da41e-1b99-4da9-81c3-f131e050cd2d,6529
9d1e186c-9630-4374-8f39-ffc1adcd67f6,6522
a1ed366b-45e2-4058-a245-be3e525dbd72,6523
909ab0d6-6d15-40bd-af20-733b451d5e08,6205
c56bb2d2-faed-40cd-af1b-ed771d39adf3,6321
64de2b3f-5b2b-42b7-9760-33ecd27479cc,6215
64de2b3f-5b2b-42b7-9760-33ecd27479cc,6205
64de2b3f-5b2b-42b7-9760-33ecd27479cc,6209
c4ab8b44-3440-4792-94be-d114e7baa6c3,6208
c4ab8b44-3440-4792-94be-d114e7baa6c3,6202
c4ab8b44-3440-4792-94be-d114e7baa6c3,6207
d00ca1a6-0304-4146-ad4e-0c9bfde7ba50,6206
d00ca1a6-0304-4146-ad4e-0c9bfde7ba50,6211
d00ca1a6-0304-4146-ad4e-0c9bfde7ba50,6214
51b2ce09-ee65-44d2-bf6c-e0aefa14d444,6315
a03cbe4e-3b1a-4cb9-a06c-9bd66759ad0c,6402
a66134e7-5005-40d8-9785-594738a3de74,6319
fb78d4e2-e382-454a-9e6d-14170029fcdf,6312
ac96def3-4b10-4f2a-8eb9-d988ef32198d,6603
fb464e68-fdc2-4112-81c4-ba590c4ee58f,6603
f50673c9-0647-4068-8480-8921aa5e3339,6603
d8b25eab-c42c-49da-b4c3-a699a66d6799,6603
36c490d5-8563-45e2-9c5a-4fafc9f0ed84,6607
d8babd9b-3f58-49de-add0-ffe0efd69295,6607
2c134394-c740-41d0-9193-2fb4c65746cc,6607
f7212b0c-953f-4637-82e3-5a956e47f250,6640
bbf96ec9-f973-48aa-9b63-35fc6068c55c,6640
30f86e43-4847-40e8-bf83-0b86326f0c6e,6640
e15dcc27-4168-4289-b6b6-30c6a3225acf,6640
f7809f9c-da0e-43dc-81ba-997128bf9c35,6609
7afbaa61-8801-48b8-baaa-89dc4aa33428,6609
9a53f5cd-23b0-462a-8e75-3fac4387c2c4,6610
5adba065-eb90-4678-80bf-bf9d1aab18b8,6610
024daee3-e2ef-4e08-ac27-d2821f9c02f4,6610
fd393c2d-d7e4-4b32-af39-e9f1b6de5ab9,6610
6135e5aa-8b44-43c0-b13f-1d340d4f7f05,6613
4557ab1e-bf68-4a56-8e4f-bdc179dc3384,6613
fb775bf6-e80d-4df8-985d-b2262f06ef76,6613
66d51047-a460-42c6-b74e-d31cee7eb7e6,6613
1ca2542f-a87c-4f03-a9ad-c55f72d4c3fd,6206
7c3fb228-6d8d-4f10-b90e-bc5936f87cec,6613
bb312477-fb8e-4d28-b872-e6dd8c556933,6209
5944cb16-3312-44f2-b038-16f82b79154b,6603
c2fd73ea-567c-4a66-8aa1-1aae12f1ffc7,6608
eb4fed24-d965-4cb7-9b0f-bbc89230b545,6607
f92f50ee-c92a-40ed-a942-e41f8902fe7f,6607
575f58f0-4c9f-4e68-b967-50facd87ec4f,6640
e636fa6f-f04f-455b-8c78-ba3afd7b41ae,6640
d91a373b-0cbd-4178-a52a-243e119a9261,6609
9514a81a-b402-42d9-ac0c-4ad37fd71b73,6609
f1fa7bfd-51a2-4be7-899c-80a85dc5cdcc,6610
af5482da-ba24-443e-aae6-0983e3dfd27e,6610
ef3a4f64-f557-4a84-849d-99c8325fef1d,6613
a019e3b8-a11e-4cef-926e-54aa9ef664cd,6613
2fb252f0-08a0-40e3-927b-f168506fb692,4506
d756720c-b4fe-4d47-b24e-245f3dfb834c,6503
d756720c-b4fe-4d47-b24e-245f3dfb834c,6503
d756720c-b4fe-4d47-b24e-245f3dfb834c,6503
d756720c-b4fe-4d47-b24e-245f3dfb834c,6503
b54ac11e-edf5-43d2-ba81-3b85e1676750,6503
b54ac11e-edf5-43d2-ba81-3b85e1676750,6503
b54ac11e-edf5-43d2-ba81-3b85e1676750,6503
b54ac11e-edf5-43d2-ba81-3b85e1676750,6503
b54ac11e-edf5-43d2-ba81-3b85e1676750,6503
b1b39c9f-25d5-4ff2-9866-e1cc929f404f,6525
b1b39c9f-25d5-4ff2-9866-e1cc929f404f,6525
8ea7a6cd-6102-427e-a22b-9c7b2adf6b0d,6524
eeced2df-879b-4c6d-af29-845212a40a11,6526
c850ebfe-669d-4f4c-ae58-1e356b2a7b7a,6541
839416b6-c051-45ca-a718-5e016e43d535,6806
d412a067-97eb-4ede-8be6-3a8920438e04,6502
b7a12562-4b61-4643-9951-c4f85fd14ecf,6518
047452e3-2d78-4101-adf9-8b84416e27b8,6529
047452e3-2d78-4101-adf9-8b84416e27b8,6529
1ea8625c-60cc-4479-9551-81e697495d64,6532
a648e985-9a6d-4f1b-b821-54bcc6dc8c44,6520
dbc59639-bcca-4922-91c4-b4fa422ef429,6548
ba5d3ed1-3156-40c3-9475-3864ef10f546,6528
b7686275-337d-4a73-aa70-7f6108fc9a77,6903
c5a8f5e5-9310-4f15-bedf-8f887b6435b0,6950
1f31f6bb-7684-4f6e-8a63-d11e5bf3f18d,6950
264781df-c28c-408d-bc10-91d510307240,6563
264781df-c28c-408d-bc10-91d510307240,6563
264781df-c28c-408d-bc10-91d510307240,6563
264781df-c28c-408d-bc10-91d510307240,6563
75880d01-19a9-4d89-87dc-45745e586be9,6901
362274c7-5460-444f-970c-4b48e808a8ac,6902
d57aaecd-4c52-4154-b6a5-e9d4f8289d13,4255
cfb3d449-45a5-41c6-b274-9308faaade44,4257
c1cc3215-ab5b-445f-8636-24827ebaeb74,5107
9a9e767e-b55b-4ff4-b754-9be29e9f1302,3305
65b4a470-8311-441b-9337-d408547c2234,4252
3c8e79bf-a903-4ded-90b8-0f88cebad48b,4253
4ff45c2c-8926-4f21-bdbe-0f25f43cc99d,6211
8abc968e-afd7-4f7f-b801-cc42de5dafc4,6209
14f65a87-96a1-4b0e-adc5-29db7e357587,6609
6f0620d8-56a1-49bd-82f4-e2a02b6818b8,6609
72780f84-bbfa-43c4-ba6d-b96381d064d8,6640
9b9da34b-ae0b-4652-91e2-d983dc864ef3,6640
b0f58b84-8af8-424e-93f6-316295dc9e5c,5118
d15f30e0-86fc-4430-98c2-3105407c0c4e,6215
5d66d55a-e001-4c13-af73-3da2218ae4e3,6202
90db6a4b-76df-4b8b-a28c-504717278fe6,6402
ac707dc1-122f-402a-a5f9-57588bbb5260,6315
05860f2f-936e-48bb-b6c1-30c69f5ce397,6323
c21e5d34-91a5-4bc6-b66c-9a3902de43c4,5107
64e8ee01-8be4-4d0b-b7ec-3e20bb281351,6805
4cd4a089-2ca6-4795-be3f-2e5658a765f8,6801
c3e91ee6-f0af-40af-b841-fd17f4f26068,6209
e57d5bac-1d1c-43a8-a9b0-0b39f69d8447,6609
2a620fca-12ee-4e14-aacf-2cd50fd73bf4,6640
c9f3966d-e01a-4826-8173-660ebb37e6e8,3302
4cf075a7-ecc9-4496-91a1-55244ed21fc8,5122
2c2cc81e-8937-4bf0-a294-3452593da36e,5107
5d54a93e-6251-4f63-b402-c1918ca502a2,3301
dba3ac74-7bc8-45ad-bdc4-b1aea58690fc,6207
181621c9-8224-4a8f-917c-8c8891937987,6215
f21eb33c-51fa-4e18-9cf1-d721e2581df0,6202
c5cde321-8381-4c75-8445-f51e83f80de9,6215
d90549ac-9e0b-4d93-89c3-7b36ceed00cc,6315
943cc6ba-b0b7-4f78-bf41-f41b64c990d4,6609
149b9661-c4ca-4ee7-9382-114fbc5a775b,6640
07b66b50-6893-4325-9f26-6cf3314c933a,2113
e5dc55ac-fb0e-4860-a51e-a0214b528d1f,5122
53a451d7-b4e4-4139-aa22-7949ffff8ca9,5113
33482742-f0a0-46ff-b2d0-0cd749466452,6318
f5045275-dcb4-4468-b9dd-135d57dbe72b,6607
efd7df11-308a-4ac0-8f6b-bc2a08f65d35,6607
62d3510a-cdf4-40e5-b97a-ea257d3abc4d,6607
ed270dbe-e68a-4308-a54f-6a11359923e0,6640
558ede73-c92a-47ff-ae3b-57cef04a9a0c,5125
4a552c59-1743-4a65-81d2-c840c052865f,6607
89156552-ffb9-439a-8b7b-494ba03260bb,5114
eae1c09a-12a0-4b35-b975-ce1944e9e224,5125
8e5b6751-dee4-46e6-93b9-6750324e33cf,5115
381420d0-3dab-4708-9f59-e5ab3a294781,5107
e6d16635-9b35-42d9-9a2e-14d1eb6d5e1b,6213
15081e9d-3447-4284-b005-9ccbb777801f,6318
814a0bcb-8b5b-4827-8972-883fee0f5ee4,4513
e1a0b173-50c5-48a3-b9f7-c32d570463e3,6613
1836b452-ecb1-4207-8f61-ca88d78d5df9,6613
8487126f-bd0e-4284-ae1c-5d5de28440f0,5106
1aee9a86-65f0-4441-b3b1-70430a97b92f,6205
dca7269e-a1ff-447c-b4bb-785655e17177,6509
0f3723a0-e8a5-48b7-b19b-b7fc24d22e33,6512
27925b2b-98a1-4bc4-ae51-5ce70b7052e1,6640
ba9af93e-9399-416f-b9d2-906f783e345d,6609
540741ca-8944-4514-aa13-dfa0c5e9d505,6607
b2063bb5-29cc-4641-9f8e-dace3b399611,6610
d0959c87-3648-4417-8c54-621c919ab5d3,5109
abc800ad-9c25-45c2-ae15-ddda43373658,6613
c0198b0f-8a8e-4952-8ff1-be0ce7117fdc,6201
327a09c8-196b-443b-ad5e-5db7881676aa,5106
e0d4b099-c1d2-4a6f-8fe2-c5af3ee53dce,5109
3d7ef99f-cbd6-465e-9ed5-339ea88d02bb,5117
8a08a235-9d63-4f3d-9beb-c19230430aba,6613
213cd679-0c5a-4874-8ae5-05b813bae7ff,6613
de26d945-652b-41af-b91c-c1b7aca38a16,6613
41dd60f1-cc48-4208-a98b-8593f3f4142b,6613
737a7d88-c720-4898-9040-a3048cee522b,5125
ce97ef23-d74f-4d12-92b9-d5fa6518696d,4152
ce97ef23-d74f-4d12-92b9-d5fa6518696d,4123
474016e4-3148-4430-9d39-dfe7a68ff960,6808
c9b2d98c-e72a-4d37-95a0-30ddd9027f62,6805
e7f8b57f-86f0-40a2-bcd6-ea6565fb4a15,6811
7a9e8c95-f856-4d8b-b137-b53fa4bad87c,6610
c0974b65-0f06-4f4b-951c-b14c85b4b757,6610
33499416-3e7e-4b4f-9fc6-2f435a274e44,6610
7ee397a3-0306-40b7-8de1-1b9db09c1229,6638
a953425f-38db-4c7f-802b-0bacc31f3889,6508
5550468c-f2d6-4108-b471-df4b21ce24bf,3302
ac6e7a7e-516b-4417-9c42-1ce192829852,3301
aeb2d216-26ce-41bb-8a0d-a04c04c7faa7,6321
5a886209-4477-4c3e-902b-67e38e85fa83,3205
033bd947-9fb7-463e-bfe1-eba916d8d809,6202
c61c8bcd-7522-4f16-b28f-e2ae104627be,6610
d0873d16-b7ea-464e-94c6-169bd7c25d96,6610
84f02d4d-eb87-4271-b006-de7815d9c1f8,6640
a9261ca1-8b24-4d79-96d2-abc7d4b19502,5104
22858b89-7505-403a-90c8-eb5df25a20d2,6323
0a467b4d-e800-4e53-a4b5-c92297ae7ab0,6638
2382ac57-b9e7-45b0-8809-288ed6d05118,4196
2382ac57-b9e7-45b0-8809-288ed6d05118,4193
2382ac57-b9e7-45b0-8809-288ed6d05118,4199
2382ac57-b9e7-45b0-8809-288ed6d05118,4186
2382ac57-b9e7-45b0-8809-288ed6d05118,4182
2382ac57-b9e7-45b0-8809-288ed6d05118,4183
2382ac57-b9e7-45b0-8809-288ed6d05118,4184
2382ac57-b9e7-45b0-8809-288ed6d05118,4189
2eecbd09-1501-45e7-9824-c10a6708851c,3205
6e5eee87-5a3c-426b-a22b-ead333de2a86,6201
174dfdba-16d6-4a47-8b89-9dfb3b63eba3,6209
ff98e545-cbc3-4500-856d-210faa690b6d,6208
018d89ff-0029-44c5-932b-ad35a3bd3645,6202
9923b892-519f-485e-a98a-927cbeb12219,6215
3567520d-1fda-4d03-9f55-a725338064cf,6201
9815234c-0896-4036-b678-9a900a98eaf3,6209
3aca1a36-ae6b-45bc-adbf-147c1b664781,6803
45831315-6f00-41e2-a740-437d99ac034c,6214
17b92d45-6e1b-44c5-bea8-c2c562a1c1e2,6206
6b12d40f-a6ab-4436-aced-f2233c3657eb,6807
2ce855bb-6861-4209-a8b4-6b564e0f824c,6308
d2ee7cfc-73d9-474f-80b3-325a5dd7a06b,3303
ebe77db0-f44a-459a-8a6b-618c9e748704,6808
29d58416-48dd-4ad6-b6d8-e6b2b393c17c,6809
a4846895-f604-45a6-a4a1-a8c4ccdfa9d3,6806
113639da-8960-4ce2-8386-0df83a6439ac,3205
95bf96c3-0150-4e4e-b69d-0c9dae21486d,6807
f2353ec3-c70e-4204-8e6c-212da230ef1e,6609
175d3595-cfd2-4530-8c61-00a7832cff61,6609
60933993-bbdf-4709-a141-c638756162f4,6609
848a2b94-3867-46f5-967a-b3e9d7935164,6640
d9e7f387-aab6-418d-9df6-718f880af737,6640
bddf2b46-cae0-4780-87d9-76e14d4322c8,6640
4ef7d0d8-6e09-4c33-89f6-b779bd285361,6308
e5d56a77-3be3-4299-99a0-15e3d82f3380,6202
ff1a18c1-24df-4e8b-8104-b95eff6cf758,6807
88b3e4dd-c31b-4431-9e17-3bc5d00a2bbe,6806
217343cf-3025-4c87-a887-5b139aa1da10,6315
7d9d6519-40a6-4568-870e-58f7273406e4,6315
c0a61fad-233c-4b45-a227-98d72ec8941a,6214
72a904d0-ab25-41c7-ab9b-ac2887474c6b,6215
20771c2e-da56-47c8-887d-80e576bae0db,3301
508e3547-c012-48c8-afed-7f20f3d591a7,6201
18ec97de-f892-4ed8-9777-9aff507a5145,6501
baeace52-c9f0-41ef-ace2-99d1c58e10bb,6609
3f3a9256-b760-4ead-a384-adb06b7fa251,6640
24921187-420b-4e39-9d0c-e58d13610bdd,4511
a924c715-ac49-405b-a317-66f4218c5549,6214
162e9aa8-7032-47bb-ab83-57e24d04d86a,6215
34d833a7-1cce-429e-b9ba-659f4793fc19,6803
aaa836ab-3650-4635-8c5b-7f1740f3236f,6209
912591ed-03be-4f21-8c3c-fabbee27ad55,6209
8420ce86-a5b0-4b00-b2be-78967a0c8c50,6215
966d8d8a-2111-4341-919c-be54342356ba,6807
875df36f-add6-40cc-a903-12e24b8b7e72,3202
0d469542-9007-4745-8e53-9e1e2a82151f,6803
326e00e4-0c0b-42d9-8afe-c3bc84217a64,6207
30350ae9-7137-40ec-ad2a-8f3bb738a676,6208
abd82ecc-ddba-4fad-9a23-20f94510fb8f,6215
2c9fe189-56fb-4080-9814-f33011584656,6201
bcae3c0a-8434-43e4-a25a-c6f69749ed14,4513
065ebf98-6764-4742-945e-d3b5ca52f808,3303
065ebf98-6764-4742-945e-d3b5ca52f808,3305
065ebf98-6764-4742-945e-d3b5ca52f808,3302
065ebf98-6764-4742-945e-d3b5ca52f808,3301
033e91bd-0100-4f74-b770-1c90d36e8951,6640
1eadeee2-1425-40ca-bdaa-ef2915ed50f3,6640
23de2f90-52d2-419f-a1c7-c5016f278539,6811
344ef67a-19fb-4ec5-b0df-024cd5be3fc9,6205
3cd830fa-9fce-4207-8751-d9162c29853b,6206
26dda2bd-1e2c-4236-b75a-8d3cdda3ccfb,4513
d0267ab1-f541-4d27-8883-273244e5e7ac,6206
8b2bf232-1e26-41b3-8de1-6a943b0f85fc,6215
51717f70-d4af-4b8d-9e76-7c881e41e69f,6209
3ba5b1a9-33e5-457e-971e-ae29ece8cf0e,4509
ff044fcf-3833-4633-a4d1-55c3d172c8c8,6607
7e6115b0-243b-48ea-b91f-93cc95cf166f,3303
0609b17f-705c-459d-b2fc-cda4f085605e,6811
c5f47c71-fe00-4c22-bc68-73607ff951d0,6613
9dbfabf2-efe2-48f7-99bf-84b62ae8d25b,6805
0b837715-2e0b-41b8-81c0-d45619573a05,6539
161c2f60-0ee8-439c-80a5-e4e11c6a0689,6509
cb5e02f3-3614-46be-8a9b-98ecac85d5b6,6950
04e51df7-c68c-436d-b085-7a0e750b2c39,6209
49d837b6-d0bf-4ba6-8155-8223d2542046,6902
aafed27a-527c-4a50-a98a-d1bd243c57e9,4505
d9540835-9415-4dbb-8056-f8593ef40f5d,4514
069d7ef4-bd8e-4eb3-9db7-11834fa4a53a,3305
60d808f1-482f-4763-95f5-50a7666f6c17,6801
c9a48d60-bb9f-4ca7-903d-4db7b1028ac6,6610
c693f6d0-dfc4-4d49-a0b1-d63a33771c51,6805
e586abfa-2183-4840-853b-6f4b5ad70850,6202
809315fe-8d7b-417c-9034-59eec4bab8cc,4260
809315fe-8d7b-417c-9034-59eec4bab8cc,4260
809315fe-8d7b-417c-9034-59eec4bab8cc,4255
809315fe-8d7b-417c-9034-59eec4bab8cc,4257
809315fe-8d7b-417c-9034-59eec4bab8cc,4252
809315fe-8d7b-417c-9034-59eec4bab8cc,4220
809315fe-8d7b-417c-9034-59eec4bab8cc,4264
837d77f1-2cfa-485e-bd8c-711d7133d438,4512
2b880b47-4766-429f-bd4a-93095482b74b,6202
f48da887-5136-4278-a021-acc5ba967109,6811
ed21aedc-9ab6-4a42-9cc6-a7e555dafed3,6811
9740765f-a0cd-4f14-8b0f-ece25960ebb2,6806
844d9a53-e826-43b1-a5b8-a959d57f59c2,6518
a3456e6d-62c1-4268-97c9-975b8884c51e,6610
752e5ebd-ff02-4773-a451-dfcf9b1e0775,3301
70bf7976-0ee1-487b-bb5d-479a95389042,3302
3a5b188f-2d5d-430e-9ee4-205a5bdbc50c,4517
efa09948-7f10-4012-bbea-ac76119eb73d,6607
1f164fe1-7cb1-4e9d-8043-0cacd4de382e,4508
2fdaf6ff-3f7f-41f3-9ef0-5e63a741b48b,6806
a5c85783-6261-4557-9659-a5dc4232c1ef,6809
125cba56-75a1-42f6-ab0f-bebbb2bc150f,6809
7f2e0432-a810-4552-b2be-f70308b652fc,6809
29ba73bb-3f69-4ebc-8e04-451670a7b92f,4510
3b2bbc6c-9c5b-4828-85e7-381a32897c3b,3303
634d7be0-8a74-416c-9c95-209193a4dde9,6607
24e827a0-fc66-469c-b7c3-b18e750518c1,6607
56632dea-7c2e-494c-9152-0bdd72a3e096,6640
d7a100f1-1ee3-4c32-bd25-67772c6028dc,6201
3af518eb-e08d-456c-8a0e-3fd76de67650,6201
8adffbdc-2735-43c9-892e-0d9e6f43c549,6809
cd04aa42-4322-471f-a038-23164ccab3f3,6809
52a2a86d-50db-41aa-825f-550f4db247cf,6207
e2614269-525c-4846-b6a7-0768321f414e,6811
946c5264-e67d-4e00-af38-08d4c42f1376,6402
2e7b9258-476e-4d68-bdb7-0ca5a7217881,6402
af3aab1b-b268-4f7b-9823-e911f210d43a,6802
25824f8f-aabb-444f-83aa-f4205e757f56,6532
0664bc01-e6d9-4dd6-a3d9-082e5b2379bc,4511
c18a9b39-aafb-431e-918d-bc0b96fac399,6806
7e47b7cc-338d-42b3-bea7-3ae2273cb29e,6802
12689597-a866-42c0-99fb-64626bd6af43,3301
5a556ff9-3bc6-4bfd-8d8d-382a4bf91cde,3305
ebe49769-4562-48ce-b0f1-82739bf1eaea,3303
e4455e71-dbf3-475d-a94e-4fbb894cf57f,3302
fcbc4d61-7d2b-40b2-851b-a5619b14575c,3202
105366c2-04cd-44c7-bcb9-ec1ed6f4057a,3305
f2a48295-7a5a-4d5b-a9da-5efd378dc5bd,6201
c6212b1e-e629-495b-9fe5-4d3f56f442b7,6806
cb7d0a80-b511-491d-a436-d83aa2f7a394,6209
f73719ba-c755-403c-9a0c-808389085856,6209
64c3c490-b3fa-4a2a-b34f-885b58821b0f,4513
fd9579cf-586c-4d3b-b355-ccc64ca5348c,6209
1df42ea3-3c90-4914-8f7d-829045b8708a,3301
e3a80fd1-fc4f-40d6-96c1-45f826535e2b,6807
e9240f31-c623-4016-867e-dd031e435a99,3202
7279da6c-1c96-4051-aa67-2267508dc684,3302
09f1432d-30cb-482e-b3c1-0e9684c04f53,3303
7f07afba-ce58-4902-87ae-bdda99b1e3b8,3305
b6a062d3-094b-4467-851b-7ef1b510e36d,3301
2403c957-100a-45ea-9810-41f0abd80998,4184
2403c957-100a-45ea-9810-41f0abd80998,4183
2403c957-100a-45ea-9810-41f0abd80998,4182
d0d1aee7-7693-482a-9c75-785f09398cfa,3202
2403c957-100a-45ea-9810-41f0abd80998,4199
6b2a6401-2722-4ec3-aa6b-ec42590ad76d,6802
2403c957-100a-45ea-9810-41f0abd80998,4193
2403c957-100a-45ea-9810-41f0abd80998,4196
58c78971-f6b6-4725-9944-8aa6c43a1ba0,6211
22c57139-aeb2-4eac-a78c-63bfa2b3ebe2,6610
bb477bd8-2347-4307-89bd-1ccfc2fb7423,6610
f576ab14-a1cc-49f7-aaff-b53a4d00f0bf,6209
71426301-e1db-4adb-8939-909527e29048,6610
299765f0-0a5e-4cc8-a3ac-5adde41c6fdc,6607
9ed1c4dc-32ab-4310-b584-5a73c547a59d,4518
f9ac4190-f215-4d50-bd17-a93540c3cac3,6610
4cb4960d-d207-463d-912b-59834c37286a,6610
631b4e75-0389-471f-a35b-5e092be9a24b,6610
c1b57672-ab1f-4e33-916c-0104c5d5fef6,6610
3b5c72f5-c16e-452e-9475-2464d4007ba9,6607
ec7ddaa9-26d0-468a-bc6b-a96666c1b4e0,6609
dd408996-f0c1-4e4a-b9c5-cf1c0a59fec5,6607
91b7dabd-57cf-4448-a23b-ff1a8c41859f,6607
14332c6e-a223-45e0-9175-714710fbc0e6,6607
ee8363e1-f197-4519-a92e-488041271ef2,6607
a760103a-6b54-4a81-8821-96600999452a,6607
99727abc-cdfa-4cdd-98c6-4dafb3ff7cd8,6640
552eff4d-23df-4a33-a074-e275b5d2a548,6640
d7c92a1d-0a4e-41ab-8a46-b5a00bd822ee,6640
606fdbb1-1c41-4378-b53c-e4c95d1669d0,6640
31f0e2ff-1300-46b7-ac33-5ea21b361664,6607
5666ee24-6b8f-4828-a840-812690c93685,6607
492dc827-5986-4872-aa3c-d81a27883c08,6607
b8ddde8c-4d04-4627-afcc-b7c3cc3689f2,4517
ab543ed1-bb73-412e-a7c9-1bdec0d87a18,6607
e549bd7a-0871-4020-8e8d-cf044e04f72f,6607
695f383b-79e4-48c0-8a90-335e020fa134,6610
022c4ddc-2921-4044-9583-f1e77fd67b9d,6610
c83077a2-b932-485b-85aa-4c20418b9b86,6610
e9142739-cc13-4f88-9113-66c68b93b801,6610
296198f3-53ac-48bf-a044-be2dceecd8d2,6613
e7445136-47bf-4d6f-89d0-484b5504179c,6613
4f6f6eb9-325f-4b0e-8c03-ade62c4a8758,6613
7e7dca5c-1728-4749-bfcb-27fa24e45573,6613
5f84a040-54b3-4df1-b77c-ec60a751d9d7,6610
b811867d-67aa-4216-84c6-7a81ba425334,6610
5f27a03d-2e7f-4839-9bdd-958a58753c4f,6609
544db6cc-09c1-4c08-838a-f78548fcd227,3202
ee78ffad-0026-405a-a9fb-f2c61fc529a2,4255
ee78ffad-0026-405a-a9fb-f2c61fc529a2,4257
76701878-42bb-463c-a90e-b769009eab61,6613
69449f44-a646-4b21-9505-1a50200589e0,6613
ee78ffad-0026-405a-a9fb-f2c61fc529a2,4252
f74fbe0b-a1ce-4642-8bbb-51529a8244a7,4255
2bd15b5a-7abe-483a-814d-95dbdfcca9c7,4257
dc47fab2-5b84-434c-abce-e69979edf4a4,4252
331cd53b-4042-4553-a1e4-9a3937dc6cb4,6640
f5fab057-d099-4dd6-85a2-650a5cbdbcd4,4511
